date,temperature,humidity,pressure,wind_speed,rainfall
2021-01-01,23.5,63,1021,3.5,2.3
2021-01-02,21.3,80,1013,5.1,2.5
2021-01-03,20.6,60,1007,0.6,1.5
2021-01-04,20.3,54,1011,1.2,1.6
2021-01-05,26.4,62,1009,2.9,1.1
2021-01-06,22.3,53,1012,3.4,1.8
2021-01-07,20.2,83,1010,5.6,1.0
2021-01-08,18.3,67,1009,4.4,0.0
2021-01-09,24.2,66,1013,1.0,0.8
2021-01-10,19.8,60,1016,0.5,3.1
2021-01-11,23.0,61,1017,6.1,0.0
2021-01-12,24.8,56,1016,6.0,0.4
2021-01-13,20.6,63,1010,5.6,0.0
2021-01-14,26.1,64,1016,2.7,3.0
2021-01-15,23.1,80,1021,0.0,0.9
2021-01-16,24.5,65,1015,0.0,0.4
2021-01-17,21.3,68,1012,2.4,4.0
2021-01-18,20.5,74,1012,5.0,1.7
2021-01-19,22.3,74,1013,3.2,0.0
2021-01-20,17.6,67,1015,3.5,1.5
2021-01-21,17.8,60,1011,3.7,0.3
2021-01-22,23.2,83,1016,3.9,1.3
2021-01-23,16.2,64,1024,3.6,1.1
2021-01-24,22.9,64,1019,5.5,0.0
2021-01-25,24.4,55,1009,5.2,3.8
2021-01-26,28.6,55,1015,3.0,0.0
2021-01-27,17.3,65,1016,2.2,0.0
2021-01-28,26.6,57,1018,1.5,0.4
2021-01-29,22.7,78,1015,4.5,0.0
2021-01-30,24.3,52,1017,4.6,0.0
2021-01-31,22.8,68,1015,4.6,0.0
2021-02-01,19.9,83,1010,5.3,1.9
2021-02-02,19.1,72,1011,5.9,3.3
2021-02-03,23.2,73,1014,2.5,4.8
2021-02-04,19.3,56,1016,4.6,0.8
2021-02-05,24.5,65,1013,9.4,3.9
2021-02-06,23.9,56,1016,3.6,0.0
2021-02-07,24.1,69,1011,1.0,0.9
2021-02-08,20.7,73,1010,4.3,1.4
2021-02-09,23.2,56,1015,1.7,1.3
2021-02-10,23.1,70,1019,1.2,3.2
2021-02-11,19.2,70,1017,11.7,2.0
2021-02-12,23.7,76,1017,3.4,2.9
2021-02-13,24.3,57,1013,4.2,0.5
2021-02-14,28.9,46,1008,3.1,2.4
2021-02-15,25.3,65,1012,5.4,0.0
2021-02-16,19.8,67,1012,8.3,1.1
2021-02-17,23.9,44,1012,5.7,1.4
2021-02-18,19.6,63,1018,1.6,2.0
2021-02-19,21.0,60,1022,4.8,0.0
2021-02-20,18.2,74,1019,1.0,5.2
2021-02-21,20.5,77,1016,5.5,0.0
2021-02-22,19.2,64,1010,3.5,0.0
2021-02-23,18.3,81,1013,4.3,0.0
2021-02-24,26.3,50,1015,2.0,3.3
2021-02-25,23.4,66,1015,3.2,0.0
2021-02-26,22.3,71,1010,8.3,4.2
2021-02-27,16.1,63,1016,2.8,2.2
2021-02-28,21.4,60,1018,4.7,0.0
2021-03-01,32.9,58,1011,5.3,2.9
2021-03-02,32.5,44,1010,4.0,4.2
2021-03-03,35.4,62,1010,3.6,0.2
2021-03-04,34.3,60,1011,6.6,4.5
2021-03-05,35.1,56,1009,3.7,1.1
2021-03-06,35.3,55,1016,2.0,0.0
2021-03-07,31.4,61,1010,5.3,4.4
2021-03-08,35.0,41,1005,6.0,2.2
2021-03-09,34.6,41,1009,2.9,1.0
2021-03-10,32.5,52,1005,3.1,2.7
2021-03-11,35.7,35,1005,3.6,0.0
2021-03-12,35.9,64,1007,4.0,4.6
2021-03-13,32.0,49,1009,2.3,1.1
2021-03-14,36.6,65,1009,5.4,1.7
2021-03-15,33.8,52,1008,2.5,2.0
2021-03-16,35.1,54,1011,8.3,6.4
2021-03-17,32.7,58,1016,2.4,2.6
2021-03-18,32.5,44,1005,2.5,0.0
2021-03-19,35.5,53,1011,2.8,7.6
2021-03-20,32.3,54,1015,6.4,0.0
2021-03-21,33.6,32,1007,6.5,6.1
2021-03-22,30.2,44,1008,3.1,2.0
2021-03-23,36.9,39,1008,5.0,1.6
2021-03-24,37.1,38,1013,4.7,0.0
2021-03-25,32.8,65,1012,4.1,2.3
2021-03-26,41.2,67,1011,5.3,1.3
2021-03-27,39.1,40,1012,0.5,4.1
2021-03-28,31.5,30,1010,7.0,1.2
2021-03-29,35.2,66,1001,3.9,0.0
2021-03-30,36.2,49,1007,1.4,0.0
2021-03-31,37.0,53,1005,1.9,0.0
2021-04-01,34.8,59,1010,2.9,0.0
2021-04-02,32.6,48,1005,1.6,0.0
2021-04-03,40.9,50,1008,3.8,0.0
2021-04-04,34.3,56,1005,2.8,4.3
2021-04-05,34.2,30,1013,7.3,0.0
2021-04-06,34.3,55,1020,6.2,2.9
2021-04-07,34.6,40,1008,2.5,0.0
2021-04-08,30.7,43,1014,5.8,0.0
2021-04-09,35.0,64,1004,7.0,2.2
2021-04-10,36.6,39,1004,1.2,1.4
2021-04-11,37.8,69,1010,2.7,0.0
2021-04-12,33.5,44,1008,2.3,0.0
2021-04-13,35.8,49,1004,2.8,1.3
2021-04-14,37.3,55,1008,5.5,0.0
2021-04-15,30.0,55,1010,2.5,0.0
2021-04-16,29.6,33,1009,2.2,2.1
2021-04-17,36.9,33,1003,2.7,1.8
2021-04-18,35.1,41,1012,2.8,0.8
2021-04-19,37.5,38,1013,0.0,3.6
2021-04-20,32.6,55,1009,2.8,1.4
2021-04-21,35.3,48,1009,4.7,5.5
2021-04-22,33.8,45,1009,3.2,0.7
2021-04-23,35.9,70,1006,6.4,4.6
2021-04-24,33.8,30,1000,3.3,0.0
2021-04-25,35.1,66,1007,5.7,3.0
2021-04-26,28.4,52,1002,6.3,4.3
2021-04-27,36.0,45,1017,4.4,3.9
2021-04-28,35.7,45,1011,2.3,0.0
2021-04-29,35.2,45,1009,6.1,3.4
2021-04-30,33.5,47,1006,4.8,0.0
2021-05-01,37.3,40,1013,4.8,4.6
2021-05-02,40.6,42,1000,7.0,0.0
2021-05-03,37.0,49,1003,8.9,2.8
2021-05-04,35.4,51,1009,4.4,4.2
2021-05-05,32.6,54,1013,7.2,7.6
2021-05-06,33.5,40,1008,6.2,1.6
2021-05-07,29.9,65,1006,2.0,1.5
2021-05-08,30.0,58,1002,1.4,2.2
2021-05-09,34.0,66,1001,3.5,1.2
2021-05-10,34.2,30,1007,5.4,1.8
2021-05-11,40.5,61,1003,9.1,1.2
2021-05-12,35.2,50,1008,3.7,1.9
2021-05-13,33.3,44,1005,2.6,1.9
2021-05-14,35.3,47,997,6.2,6.5
2021-05-15,38.7,30,1006,1.2,1.0
2021-05-16,32.7,38,1011,6.5,7.3
2021-05-17,37.2,38,1009,1.6,0.4
2021-05-18,37.1,47,1010,4.9,0.9
2021-05-19,33.9,61,1010,5.2,0.0
2021-05-20,34.1,53,1011,3.6,0.0
2021-05-21,33.4,60,1002,0.9,0.0
2021-05-22,36.8,37,999,7.4,7.3
2021-05-23,35.6,49,1009,3.9,0.4
2021-05-24,38.3,51,1006,3.9,2.5
2021-05-25,35.9,32,1010,4.3,0.0
2021-05-26,34.4,50,1005,2.4,3.0
2021-05-27,35.6,40,1001,6.1,3.2
2021-05-28,36.4,52,1014,6.0,4.9
2021-05-29,29.5,37,1008,5.0,0.1
2021-05-30,32.8,51,1005,1.2,0.0
2021-05-31,32.2,36,1012,2.1,0.0
2021-06-01,42.9,54,1004,5.4,2.6
2021-06-02,33.3,51,1007,6.3,9.7
2021-06-03,32.9,49,1005,7.6,7.3
2021-06-04,37.1,44,1011,5.2,3.9
2021-06-05,30.3,42,1007,5.2,1.3
2021-06-06,35.5,36,1010,5.1,3.1
2021-06-07,38.2,58,1007,0.7,3.4
2021-06-08,36.3,52,1002,1.8,2.8
2021-06-09,38.2,49,1008,4.1,4.0
2021-06-10,37.8,44,1006,3.1,2.3
2021-06-11,34.1,52,1013,2.2,0.6
2021-06-12,34.4,45,1008,6.1,6.3
2021-06-13,30.5,52,1008,6.1,4.7
2021-06-14,33.4,64,1006,3.1,8.9
2021-06-15,39.4,65,1006,3.4,0.4
2021-06-16,31.0,40,1004,3.9,0.0
2021-06-17,35.7,65,1011,3.6,0.0
2021-06-18,34.9,56,1009,4.3,0.0
2021-06-19,36.5,52,1005,2.9,9.4
2021-06-20,33.1,44,1012,6.8,0.1
2021-06-21,33.3,41,1005,5.3,3.4
2021-06-22,35.6,34,1015,2.8,6.6
2021-06-23,33.8,52,1010,8.0,3.0
2021-06-24,34.5,42,1005,3.9,0.0
2021-06-25,40.4,44,1007,6.4,2.7
2021-06-26,42.6,44,1012,5.4,0.5
2021-06-27,40.5,55,1010,6.2,0.9
2021-06-28,37.5,55,1012,6.8,5.2
2021-06-29,36.9,48,1012,2.4,2.4
2021-06-30,36.1,46,1013,4.4,2.1
2021-07-01,30.1,69,1006,8.3,22.5
2021-07-02,29.4,81,1009,3.8,17.5
2021-07-03,30.6,84,1003,4.4,16.9
2021-07-04,32.1,71,1002,6.4,16.3
2021-07-05,27.0,75,1009,3.9,18.8
2021-07-06,28.9,95,998,4.9,0.5
2021-07-07,29.0,71,1005,2.9,22.1
2021-07-08,27.4,86,1004,7.7,21.5
2021-07-09,27.9,67,1004,4.5,8.1
2021-07-10,29.5,82,1009,3.8,2.5
2021-07-11,32.2,82,1006,4.9,19.6
2021-07-12,31.3,90,1007,3.8,17.0
2021-07-13,32.9,74,1004,1.1,33.0
2021-07-14,30.3,74,1003,3.1,23.4
2021-07-15,26.2,76,1000,5.5,0.0
2021-07-16,31.6,83,1004,4.0,5.3
2021-07-17,27.7,92,1004,4.1,23.8
2021-07-18,30.4,63,1002,2.0,12.5
2021-07-19,29.4,94,1003,5.1,21.4
2021-07-20,32.8,87,1003,5.4,15.6
2021-07-21,30.8,87,1008,2.9,21.4
2021-07-22,32.6,81,1002,7.5,35.8
2021-07-23,30.4,74,1004,4.8,10.2
2021-07-24,31.0,75,1011,7.5,14.8
2021-07-25,30.9,80,1006,2.0,16.2
2021-07-26,29.5,66,1006,3.0,19.0
2021-07-27,33.1,70,1005,6.1,0.4
2021-07-28,33.4,76,1004,3.7,25.8
2021-07-29,31.8,85,1009,6.8,0.0
2021-07-30,28.7,83,1005,2.9,19.9
2021-07-31,28.7,79,1006,3.3,26.7
2021-08-01,31.5,57,999,3.3,26.5
2021-08-02,27.8,69,1003,4.7,26.6
2021-08-03,29.9,83,1001,6.0,15.8
2021-08-04,29.0,67,1009,5.7,10.7
2021-08-05,29.3,77,1011,4.8,11.8
2021-08-06,30.9,88,1004,3.6,17.4
2021-08-07,29.9,79,1005,5.5,22.3
2021-08-08,29.8,80,1007,4.7,0.0
2021-08-09,32.0,56,1004,6.2,35.9
2021-08-10,27.9,84,1003,7.8,4.5
2021-08-11,29.6,81,1006,4.3,23.7
2021-08-12,30.7,95,1005,6.1,14.4
2021-08-13,32.2,89,1001,7.3,21.4
2021-08-14,27.7,82,1004,4.7,7.5
2021-08-15,30.6,83,1006,3.5,31.1
2021-08-16,31.9,89,1006,5.4,2.7
2021-08-17,29.4,91,1005,3.7,13.5
2021-08-18,30.0,71,1009,2.3,0.6
2021-08-19,28.0,62,1001,7.3,8.6
2021-08-20,32.0,74,1007,3.4,37.5
2021-08-21,25.0,95,1000,6.0,1.1
2021-08-22,34.9,91,1006,5.7,20.6
2021-08-23,31.5,82,1004,2.5,16.0
2021-08-24,29.4,66,1002,1.8,14.0
2021-08-25,30.4,91,1000,2.0,24.2
2021-08-26,31.9,72,1006,2.1,12.8
2021-08-27,30.2,69,1005,0.8,9.0
2021-08-28,30.9,79,1005,6.7,20.5
2021-08-29,30.3,76,1006,4.1,16.2
2021-08-30,30.1,74,1000,7.5,8.4
2021-08-31,27.5,74,1007,3.4,7.8
2021-09-01,32.5,74,1002,8.3,17.8
2021-09-02,27.6,82,1006,3.6,21.3
2021-09-03,29.7,80,1007,8.4,13.5
2021-09-04,28.9,69,1012,2.4,14.1
2021-09-05,33.3,93,1006,7.3,9.5
2021-09-06,29.2,78,1001,2.7,9.2
2021-09-07,27.6,80,1005,0.9,7.3
2021-09-08,30.7,86,1006,6.5,0.0
2021-09-09,27.6,93,1002,3.9,19.2
2021-09-10,31.1,80,1002,4.3,20.4
2021-09-11,27.2,79,1002,6.5,6.0
2021-09-12,32.2,84,1004,6.4,4.1
2021-09-13,30.3,95,1005,3.4,18.9
2021-09-14,30.3,78,1007,2.4,22.1
2021-09-15,27.3,65,1001,0.0,20.1
2021-09-16,30.8,95,1007,4.2,14.9
2021-09-17,29.8,87,1005,4.6,12.1
2021-09-18,28.7,87,1002,5.1,13.3
2021-09-19,28.2,80,1008,4.9,14.9
2021-09-20,29.9,86,1006,4.0,28.9
2021-09-21,27.4,71,1003,3.6,11.9
2021-09-22,30.1,84,1006,4.1,14.3
2021-09-23,26.0,72,1001,5.2,13.6
2021-09-24,33.1,89,1009,4.3,12.9
2021-09-25,29.3,75,1003,4.3,12.0
2021-09-26,30.3,80,1008,5.9,19.4
2021-09-27,27.0,59,1000,3.6,24.3
2021-09-28,27.7,65,1007,2.8,20.4
2021-09-29,24.8,75,1000,4.4,18.9
2021-09-30,30.0,84,1002,6.4,16.2
2021-10-01,27.7,59,1008,2.2,1.3
2021-10-02,27.7,73,1005,6.9,0.0
2021-10-03,27.6,54,1008,7.7,9.2
2021-10-04,29.4,56,1008,5.5,13.6
2021-10-05,28.6,70,1010,2.5,11.2
2021-10-06,28.9,54,1010,3.3,13.1
2021-10-07,28.4,49,1013,2.7,1.1
2021-10-08,25.9,64,1012,6.0,9.7
2021-10-09,26.5,48,1009,3.5,11.0
2021-10-10,30.7,64,1016,2.7,6.8
2021-10-11,29.9,60,1014,5.0,6.1
2021-10-12,29.1,68,1007,1.9,3.5
2021-10-13,24.1,76,1009,3.4,0.6
2021-10-14,28.6,66,1008,3.7,8.4
2021-10-15,28.6,58,1011,5.5,11.4
2021-10-16,29.3,69,1006,4.8,5.7
2021-10-17,26.7,55,1013,4.0,7.3
2021-10-18,28.6,73,1017,5.1,6.0
2021-10-19,24.5,66,1013,5.3,6.5
2021-10-20,27.7,50,1007,2.8,4.2
2021-10-21,29.2,73,1006,4.9,6.6
2021-10-22,30.4,55,1010,2.4,4.5
2021-10-23,29.3,59,1007,3.1,6.7
2021-10-24,29.4,57,1008,4.4,11.9
2021-10-25,29.9,48,1005,6.5,0.0
2021-10-26,26.9,80,1010,7.1,2.7
2021-10-27,32.0,76,1013,5.2,9.8
2021-10-28,29.6,55,1009,3.7,1.7
2021-10-29,27.1,65,1010,7.0,8.8
2021-10-30,25.7,58,1004,3.8,2.1
2021-10-31,27.8,72,1006,7.7,7.5
2021-11-01,25.7,70,1011,3.3,0.5
2021-11-02,25.3,83,1013,1.8,4.1
2021-11-03,22.4,47,1014,3.1,1.6
2021-11-04,17.2,70,1010,0.0,0.0
2021-11-05,21.9,82,1013,2.8,4.3
2021-11-06,23.4,55,1018,6.5,1.6
2021-11-07,21.7,62,1011,3.5,0.0
2021-11-08,23.1,74,1020,3.5,0.0
2021-11-09,21.9,57,1018,5.5,0.0
2021-11-10,21.2,65,1008,2.9,2.0
2021-11-11,24.4,52,1009,4.9,1.6
2021-11-12,21.9,48,1012,2.4,3.3
2021-11-13,22.6,76,1015,4.9,0.0
2021-11-14,24.1,66,1011,4.2,0.3
2021-11-15,18.8,35,1018,0.0,1.9
2021-11-16,19.0,71,1015,2.5,5.1
2021-11-17,21.5,78,1011,3.0,0.0
2021-11-18,19.1,66,1016,3.5,4.2
2021-11-19,21.1,49,1014,3.6,2.8
2021-11-20,31.6,67,1013,6.3,0.0
2021-11-21,22.3,50,1012,7.7,2.8
2021-11-22,25.2,60,1015,5.7,3.6
2021-11-23,23.5,56,1019,3.3,0.0
2021-11-24,20.8,55,1023,1.9,1.8
2021-11-25,22.1,79,1016,1.9,0.8
2021-11-26,23.3,63,1019,9.2,3.0
2021-11-27,23.7,68,1013,4.7,1.4
2021-11-28,21.1,66,1010,6.3,3.6
2021-11-29,26.0,63,1012,6.6,0.0
2021-11-30,21.9,55,1018,5.1,0.0
2021-12-01,21.3,61,1011,7.2,0.2
2021-12-02,21.0,77,1018,3.1,4.0
2021-12-03,23.2,64,1016,1.6,0.0
2021-12-04,25.6,60,1016,3.5,1.4
2021-12-05,23.8,60,1009,4.3,2.7
2021-12-06,27.8,54,1017,4.4,0.0
2021-12-07,23.1,69,1019,4.8,2.3
2021-12-08,21.3,71,1014,2.1,4.8
2021-12-09,25.3,63,1018,2.9,0.0
2021-12-10,21.7,68,1017,3.1,1.4
2021-12-11,23.5,62,1017,2.1,2.5
2021-12-12,25.3,59,1016,7.7,2.6
2021-12-13,21.3,61,1013,5.6,1.0
2021-12-14,17.2,54,1018,7.4,0.0
2021-12-15,21.7,63,1019,2.1,1.1
2021-12-16,22.7,74,1015,6.0,2.0
2021-12-17,15.0,71,1007,5.0,0.0
2021-12-18,26.1,63,1021,6.6,2.9
2021-12-19,26.9,72,1008,3.5,1.2
2021-12-20,19.5,86,1015,5.1,0.6
2021-12-21,22.1,81,1015,2.5,0.0
2021-12-22,18.0,58,1013,2.6,0.9
2021-12-23,17.8,64,1018,4.2,0.0
2021-12-24,17.6,61,1016,6.7,0.0
2021-12-25,16.4,66,1017,4.4,0.7
2021-12-26,19.7,61,1019,4.0,0.0
2021-12-27,27.7,64,1008,0.4,0.0
2021-12-28,17.2,67,1008,5.8,2.0
2021-12-29,20.6,66,1018,3.5,4.2
2021-12-30,19.3,43,1014,2.0,0.0
2021-12-31,21.6,65,1012,4.3,0.6
2022-01-01,23.3,54,1014,4.0,3.8
2022-01-02,24.1,67,1016,2.8,2.9
2022-01-03,23.1,53,1014,3.6,1.2
2022-01-04,21.6,46,1015,4.3,0.0
2022-01-05,18.9,77,1018,4.9,0.0
2022-01-06,20.1,82,1018,6.0,0.0
2022-01-07,20.0,78,1016,4.5,0.5
2022-01-08,21.6,73,1008,6.6,2.6
2022-01-09,17.0,75,1010,3.2,3.3
2022-01-10,18.7,62,1018,6.6,0.4
2022-01-11,26.2,59,1008,2.4,0.6
2022-01-12,24.9,81,1012,3.9,0.0
2022-01-13,22.8,56,1013,4.0,1.8
2022-01-14,23.6,65,1014,3.8,0.1
2022-01-15,20.9,62,1017,3.4,4.2
2022-01-16,24.1,61,1016,3.8,3.3
2022-01-17,23.3,49,1010,4.3,0.0
2022-01-18,27.2,87,1017,0.4,2.3
2022-01-19,20.4,57,1014,3.1,0.0
2022-01-20,16.1,72,1015,8.1,0.0
2022-01-21,19.2,39,1019,7.9,0.4
2022-01-22,18.3,69,1014,9.3,0.1
2022-01-23,17.5,67,1019,4.2,1.9
2022-01-24,22.9,61,1013,5.2,1.5
2022-01-25,20.9,68,1019,3.9,0.9
2022-01-26,16.7,77,1012,2.8,0.0
2022-01-27,26.1,43,1019,4.4,7.3
2022-01-28,21.8,67,1017,5.1,2.0
2022-01-29,22.3,63,1014,6.3,0.7
2022-01-30,23.8,35,1015,4.0,2.3
2022-01-31,20.8,76,1011,4.8,2.9
2022-02-01,19.1,51,1018,5.9,0.0
2022-02-02,23.5,72,1012,4.9,2.0
2022-02-03,24.4,72,1017,4.7,3.4
2022-02-04,25.2,64,1014,2.5,0.0
2022-02-05,20.0,63,1013,0.2,0.0
2022-02-06,22.6,65,1017,5.9,0.0
2022-02-07,17.2,57,1011,5.7,0.0
2022-02-08,21.4,62,1017,1.5,0.0
2022-02-09,22.2,67,1009,0.0,3.7
2022-02-10,22.6,83,1015,3.0,3.5
2022-02-11,24.4,55,1017,6.1,2.0
2022-02-12,30.3,68,1014,0.5,0.0
2022-02-13,19.9,60,1015,2.4,0.0
2022-02-14,25.4,65,1013,4.3,1.0
2022-02-15,24.5,56,1013,1.3,0.0
2022-02-16,19.5,60,1016,4.4,2.7
2022-02-17,24.6,63,1014,4.5,1.8
2022-02-18,20.3,40,1020,5.9,0.7
2022-02-19,24.9,77,1015,2.8,1.2
2022-02-20,21.1,71,1014,3.1,3.4
2022-02-21,22.0,71,1005,2.9,0.0
2022-02-22,18.3,59,1013,6.9,0.7
2022-02-23,23.0,68,1010,6.1,2.2
2022-02-24,21.8,71,1008,5.6,0.0
2022-02-25,23.1,55,1019,1.6,0.0
2022-02-26,26.9,55,1013,5.2,2.3
2022-02-27,20.4,63,1010,5.5,1.1
2022-02-28,20.5,62,1004,3.6,0.0
2022-03-01,42.2,57,1006,4.0,1.9
2022-03-02,36.6,38,1010,5.4,5.3
2022-03-03,36.3,50,1010,3.3,4.0
2022-03-04,33.3,51,1003,1.1,6.6
2022-03-05,35.5,50,1008,3.6,2.5
2022-03-06,39.5,33,1007,0.7,0.0
2022-03-07,34.5,66,1008,1.5,2.1
2022-03-08,33.2,46,1013,5.1,1.0
2022-03-09,31.7,52,1012,7.2,3.5
2022-03-10,32.0,41,1007,4.9,0.0
2022-03-11,38.0,49,1008,2.3,1.0
2022-03-12,41.3,33,1016,4.0,2.6
2022-03-13,34.4,46,1013,0.0,1.5
2022-03-14,39.6,35,1006,5.2,1.2
2022-03-15,30.2,54,1002,4.4,8.1
2022-03-16,33.0,54,1005,5.0,2.1
2022-03-17,40.4,48,1002,2.1,4.2
2022-03-18,36.4,64,1006,4.0,3.1
2022-03-19,31.2,56,1006,3.1,4.6
2022-03-20,35.8,45,1016,3.5,1.8
2022-03-21,33.9,43,1007,2.7,4.2
2022-03-22,39.0,64,1000,6.0,0.2
2022-03-23,32.9,57,1011,1.6,0.0
2022-03-24,37.2,50,1006,5.4,0.0
2022-03-25,35.3,55,1001,7.2,7.9
2022-03-26,35.3,41,1007,5.8,0.0
2022-03-27,34.6,65,1007,1.5,0.0
2022-03-28,36.1,58,997,4.4,0.7
2022-03-29,36.3,54,1003,5.4,5.7
2022-03-30,38.6,32,1005,3.8,3.0
2022-03-31,36.0,45,1008,1.8,0.0
2022-04-01,31.7,56,1010,4.9,0.0
2022-04-02,29.8,43,1004,3.1,5.6
2022-04-03,36.4,57,1005,6.8,1.2
2022-04-04,40.2,59,1004,2.3,2.3
2022-04-05,36.6,54,1010,1.0,6.2
2022-04-06,38.2,40,1009,8.0,0.8
2022-04-07,44.3,56,1010,5.8,1.5
2022-04-08,34.0,67,1009,5.3,2.7
2022-04-09,36.3,58,1005,1.8,0.1
2022-04-10,36.3,57,1014,4.0,3.4
2022-04-11,37.0,39,1010,5.7,0.8
2022-04-12,34.1,49,1006,5.8,0.0
2022-04-13,36.7,55,1008,2.7,2.1
2022-04-14,37.1,54,1005,0.0,3.5
2022-04-15,38.3,45,1010,3.2,0.0
2022-04-16,38.2,56,1002,6.4,4.1
2022-04-17,35.8,46,1000,4.8,2.4
2022-04-18,31.9,36,1012,2.7,0.0
2022-04-19,39.6,44,1003,6.5,0.0
2022-04-20,34.5,44,1010,6.2,2.5
2022-04-21,39.3,46,1006,4.5,0.0
2022-04-22,32.1,40,1007,4.1,3.0
2022-04-23,32.7,47,1011,6.1,0.0
2022-04-24,29.5,40,1005,3.8,0.0
2022-04-25,30.7,40,1008,4.1,0.0
2022-04-26,32.8,51,1006,7.3,0.4
2022-04-27,39.0,37,1011,1.7,4.5
2022-04-28,37.5,65,1004,6.0,0.0
2022-04-29,35.8,55,1009,1.3,3.0
2022-04-30,38.1,61,1007,0.9,1.3
2022-05-01,36.5,55,1012,3.3,1.8
2022-05-02,36.7,39,1007,4.5,1.9
2022-05-03,33.9,48,1006,0.8,4.5
2022-05-04,40.2,63,1010,3.0,0.0
2022-05-05,35.8,52,1004,2.6,1.3
2022-05-06,32.3,41,1005,5.4,1.8
2022-05-07,39.5,44,1009,4.9,2.7
2022-05-08,35.2,57,1003,5.7,3.4
2022-05-09,37.7,42,1010,3.6,2.1
2022-05-10,38.2,73,1002,4.6,0.0
2022-05-11,37.2,47,1002,5.4,6.4
2022-05-12,33.2,67,1004,2.9,8.0
2022-05-13,37.6,46,1008,0.2,1.9
2022-05-14,35.0,43,1013,1.5,0.5
2022-05-15,37.4,47,1011,4.7,1.2
2022-05-16,36.7,59,1005,1.8,1.0
2022-05-17,32.5,79,1002,1.4,5.7
2022-05-18,36.4,55,1006,3.7,3.6
2022-05-19,36.0,50,1007,2.3,0.0
2022-05-20,35.5,79,1006,5.8,3.1
2022-05-21,36.4,54,1016,1.7,3.8
2022-05-22,36.4,40,1004,3.2,3.7
2022-05-23,34.1,59,1003,4.1,4.8
2022-05-24,32.9,37,1006,8.9,1.3
2022-05-25,36.3,36,1012,8.2,0.3
2022-05-26,30.2,31,1009,2.3,7.6
2022-05-27,36.6,30,1009,5.8,2.0
2022-05-28,32.0,50,1009,2.2,0.0
2022-05-29,33.8,40,1011,3.5,4.0
2022-05-30,35.1,35,1007,9.2,1.1
2022-05-31,31.7,64,1009,7.5,5.0
2022-06-01,36.1,53,1012,6.2,1.8
2022-06-02,33.1,36,1004,3.9,1.4
2022-06-03,38.7,45,1008,5.7,1.9
2022-06-04,28.3,43,1012,3.0,2.6
2022-06-05,29.4,56,1003,2.8,0.1
2022-06-06,34.4,43,1011,6.5,0.0
2022-06-07,37.0,38,1007,5.2,1.4
2022-06-08,37.0,42,1009,6.9,2.2
2022-06-09,37.1,57,1013,4.8,2.3
2022-06-10,32.4,64,1006,3.0,4.1
2022-06-11,35.9,54,1009,7.4,2.6
2022-06-12,38.2,51,1003,4.8,4.8
2022-06-13,40.4,47,1005,1.8,0.0
2022-06-14,32.6,46,1008,5.8,0.0
2022-06-15,32.3,65,1012,2.7,3.5
2022-06-16,37.6,39,1008,5.1,4.7
2022-06-17,31.5,41,1004,4.9,3.8
2022-06-18,30.9,58,1010,5.3,0.0
2022-06-19,32.9,55,1005,2.0,2.8
2022-06-20,29.1,53,1008,3.5,0.0
2022-06-21,37.0,46,1010,4.7,1.0
2022-06-22,35.9,54,1011,5.2,0.0
2022-06-23,31.9,47,1007,4.7,1.9
2022-06-24,39.3,60,1010,6.7,0.0
2022-06-25,36.2,60,1012,4.5,8.0
2022-06-26,38.1,51,1006,7.1,2.1
2022-06-27,32.5,65,1002,4.7,3.5
2022-06-28,28.7,56,1005,4.2,4.7
2022-06-29,40.9,44,1013,7.9,0.0
2022-06-30,35.0,60,1005,3.0,6.0
2022-07-01,32.5,93,1002,8.0,20.6
2022-07-02,28.9,77,1009,5.7,18.4
2022-07-03,30.8,83,1006,0.0,15.4
2022-07-04,29.4,81,1006,3.6,3.5
2022-07-05,33.5,92,1004,3.9,10.3
2022-07-06,29.1,81,1001,5.2,7.4
2022-07-07,31.3,73,1003,4.5,24.0
2022-07-08,31.6,79,1003,3.6,19.5
2022-07-09,29.6,74,1000,3.0,13.2
2022-07-10,29.4,77,1004,5.0,12.6
2022-07-11,31.7,74,1001,3.0,3.0
2022-07-12,29.3,73,1003,4.4,2.0
2022-07-13,31.2,75,1002,3.9,10.9
2022-07-14,28.3,84,1003,4.6,0.0
2022-07-15,30.4,95,1001,3.8,18.5
2022-07-16,26.4,79,1007,2.9,6.7
2022-07-17,29.8,74,1004,7.7,32.4
2022-07-18,31.6,83,1006,0.1,18.7
2022-07-19,29.4,86,1000,3.9,14.5
2022-07-20,33.4,89,1007,3.3,14.4
2022-07-21,26.6,72,1004,3.5,30.6
2022-07-22,29.4,95,1011,3.7,31.3
2022-07-23,30.6,67,1001,4.4,29.8
2022-07-24,27.8,75,1003,2.9,6.6
2022-07-25,28.9,86,1005,6.4,4.0
2022-07-26,29.0,74,1008,4.4,12.7
2022-07-27,28.9,83,1007,4.8,4.0
2022-07-28,29.4,73,1006,6.5,6.1
2022-07-29,28.7,83,1003,3.9,0.0
2022-07-30,28.2,72,1005,3.6,8.3
2022-07-31,25.5,63,1006,0.0,8.9
2022-08-01,29.0,75,1003,4.8,28.9
2022-08-02,30.3,62,1005,5.0,22.7
2022-08-03,37.9,63,1004,4.6,32.2
2022-08-04,29.9,76,1005,1.0,9.3
2022-08-05,31.5,76,1003,6.5,3.7
2022-08-06,28.9,82,1007,5.4,7.7
2022-08-07,33.7,78,1005,6.6,21.7
2022-08-08,28.6,85,1004,4.2,13.1
2022-08-09,30.5,79,1009,6.0,17.1
2022-08-10,31.7,76,1007,5.8,6.1
2022-08-11,32.9,75,1000,3.2,12.7
2022-08-12,32.0,76,1004,4.6,21.4
2022-08-13,27.7,80,1004,0.7,0.0
2022-08-14,32.4,86,1009,2.1,19.7
2022-08-15,33.5,87,1008,1.8,12.6
2022-08-16,28.4,75,1001,6.4,9.7
2022-08-17,29.5,82,999,4.5,9.3
2022-08-18,26.2,79,1010,5.8,1.3
2022-08-19,30.2,90,1006,4.4,6.5
2022-08-20,30.5,90,1005,0.7,22.3
2022-08-21,28.1,79,1001,8.8,15.9
2022-08-22,33.0,84,1004,2.1,15.7
2022-08-23,30.2,82,1006,3.7,2.6
2022-08-24,26.2,73,1010,5.1,10.9
2022-08-25,27.3,83,1008,3.1,0.0
2022-08-26,29.8,90,1000,2.8,2.1
2022-08-27,32.1,67,1003,5.1,0.0
2022-08-28,32.4,76,1008,0.3,10.9
2022-08-29,29.2,81,1003,4.1,19.5
2022-08-30,25.0,74,1002,4.1,19.5
2022-08-31,30.9,77,1002,3.6,16.7
2022-09-01,31.2,81,1005,5.4,9.1
2022-09-02,25.9,89,1006,6.4,11.6
2022-09-03,27.3,74,1002,7.5,12.1
2022-09-04,28.3,75,1001,3.2,17.0
2022-09-05,30.6,77,1003,1.0,14.1
2022-09-06,30.6,94,1005,5.4,15.2
2022-09-07,27.5,93,1009,2.5,17.0
2022-09-08,33.6,86,1005,3.5,20.5
2022-09-09,32.4,81,1001,3.6,0.0
2022-09-10,30.6,79,999,4.3,27.2
2022-09-11,26.4,86,1006,2.3,14.1
2022-09-12,32.6,88,1004,5.2,20.8
2022-09-13,28.6,86,1008,2.5,31.5
2022-09-14,30.7,69,1006,0.3,20.7
2022-09-15,27.7,77,1001,4.8,12.0
2022-09-16,30.5,78,1008,7.3,7.4
2022-09-17,29.0,75,1003,3.7,19.9
2022-09-18,31.5,64,1005,3.2,28.2
2022-09-19,29.8,79,1009,4.1,0.0
2022-09-20,30.9,87,1006,3.5,4.8
2022-09-21,31.7,62,1003,4.9,14.0
2022-09-22,30.9,74,1004,2.2,7.9
2022-09-23,31.7,77,1003,1.9,0.0
2022-09-24,26.7,70,1008,4.6,16.1
2022-09-25,28.8,83,1002,1.7,10.4
2022-09-26,26.5,76,1004,3.2,16.6
2022-09-27,28.1,84,1007,2.0,1.8
2022-09-28,28.5,68,1007,5.0,10.0
2022-09-29,32.0,84,1004,2.4,4.0
2022-09-30,32.7,70,1007,7.7,23.9
2022-10-01,27.2,65,1008,0.9,14.1
2022-10-02,24.2,65,1008,4.9,0.0
2022-10-03,28.4,63,1013,2.1,5.9
2022-10-04,26.6,53,1012,4.9,8.3
2022-10-05,30.4,50,1014,5.5,11.7
2022-10-06,31.6,46,1007,5.4,2.9
2022-10-07,25.9,66,1012,4.6,10.5
2022-10-08,26.0,53,1012,3.9,10.0
2022-10-09,27.2,43,1015,1.4,0.7
2022-10-10,28.4,68,1010,5.9,0.0
2022-10-11,28.0,82,1013,3.7,0.0
2022-10-12,29.5,63,1010,0.3,2.1
2022-10-13,29.2,62,1013,4.7,7.6
2022-10-14,28.3,52,1013,6.9,2.2
2022-10-15,27.5,60,1013,5.3,1.4
2022-10-16,31.9,52,1010,5.3,3.5
2022-10-17,27.6,53,1012,2.2,8.5
2022-10-18,30.7,69,1010,5.1,5.5
2022-10-19,26.3,60,1012,0.9,0.0
2022-10-20,31.0,57,1008,3.4,4.2
2022-10-21,30.8,40,1011,1.6,10.1
2022-10-22,25.8,73,1006,6.3,1.2
2022-10-23,28.7,52,1006,6.2,5.9
2022-10-24,30.1,64,1015,4.0,6.4
2022-10-25,25.6,63,1006,3.3,13.3
2022-10-26,28.8,59,1013,8.6,1.1
2022-10-27,28.4,52,1010,6.2,0.0
2022-10-28,29.0,59,1006,5.7,2.6
2022-10-29,29.8,47,1011,6.8,11.4
2022-10-30,25.3,49,1011,7.6,4.4
2022-10-31,29.4,58,1013,2.1,0.9
2022-11-01,26.9,62,1017,3.7,4.2
2022-11-02,20.4,61,1015,2.8,1.9
2022-11-03,21.5,65,1016,2.0,0.0
2022-11-04,18.5,48,1009,2.6,0.0
2022-11-05,27.9,59,1016,4.3,1.4
2022-11-06,21.8,53,1022,0.6,3.9
2022-11-07,18.9,62,1017,2.5,0.0
2022-11-08,28.5,76,1019,6.2,1.4
2022-11-09,20.3,56,1018,4.3,1.2
2022-11-10,17.3,56,1014,7.9,0.9
2022-11-11,17.8,70,1024,3.2,4.0
2022-11-12,23.5,70,1014,4.9,1.4
2022-11-13,15.0,71,1014,8.1,1.3
2022-11-14,20.0,60,1011,2.9,5.0
2022-11-15,21.6,73,1009,2.9,1.4
2022-11-16,20.2,64,1016,0.4,1.9
2022-11-17,25.2,67,1016,6.2,3.8
2022-11-18,23.4,78,1014,8.5,2.0
2022-11-19,24.7,70,1009,4.6,0.0
2022-11-20,22.4,58,1021,5.4,1.3
2022-11-21,18.6,63,1013,3.2,0.0
2022-11-22,20.6,52,1012,0.0,0.7
2022-11-23,28.2,75,1015,1.7,0.2
2022-11-24,27.1,83,1019,4.4,1.3
2022-11-25,18.0,60,1013,3.6,1.3
2022-11-26,21.7,64,1010,2.6,1.1
2022-11-27,18.1,74,1019,6.8,0.0
2022-11-28,21.1,38,1014,2.0,0.3
2022-11-29,20.5,80,1011,0.8,2.3
2022-11-30,21.0,62,1012,5.0,2.0
2022-12-01,27.8,73,1014,3.3,0.9
2022-12-02,25.5,58,1015,3.0,1.1
2022-12-03,17.9,68,1017,2.9,0.9
2022-12-04,25.7,56,1008,4.9,4.4
2022-12-05,23.4,57,1020,0.0,1.8
2022-12-06,23.5,40,1021,2.8,0.0
2022-12-07,18.5,63,1007,1.9,5.1
2022-12-08,26.5,83,1010,8.2,0.8
2022-12-09,26.8,71,1014,3.7,0.0
2022-12-10,23.0,79,1010,6.8,2.8
2022-12-11,22.9,71,1010,3.9,3.9
2022-12-12,20.4,49,1025,0.3,1.7
2022-12-13,21.9,71,1014,1.4,1.2
2022-12-14,22.7,57,1019,5.9,0.0
2022-12-15,22.2,67,1015,5.8,3.1
2022-12-16,21.1,78,1015,1.5,1.6
2022-12-17,22.9,56,1011,1.9,0.0
2022-12-18,28.4,78,1010,4.1,4.8
2022-12-19,18.1,58,1019,3.2,0.0
2022-12-20,25.2,71,1009,6.5,5.6
2022-12-21,25.4,55,1016,3.5,3.0
2022-12-22,19.5,57,1015,5.6,5.1
2022-12-23,19.6,57,1009,3.2,3.2
2022-12-24,22.1,66,1016,5.4,0.6
2022-12-25,24.2,55,1019,5.8,0.4
2022-12-26,17.9,68,1015,7.8,0.0
2022-12-27,19.2,56,1008,2.7,2.5
2022-12-28,23.8,58,1017,4.8,0.5
2022-12-29,22.8,61,1014,4.9,1.7
2022-12-30,20.5,63,1014,2.4,0.0
2022-12-31,18.7,67,1018,3.1,1.4
2023-01-01,23.2,70,1011,4.3,1.9
2023-01-02,23.1,65,1015,8.4,0.0
2023-01-03,20.9,57,1016,6.4,1.7
2023-01-04,18.2,72,1014,4.7,2.2
2023-01-05,25.1,73,1018,3.9,0.0
2023-01-06,22.2,65,1019,3.8,0.7
2023-01-07,18.6,61,1019,5.2,1.4
2023-01-08,19.4,89,1020,3.7,1.5
2023-01-09,23.6,73,1019,5.7,3.4
2023-01-10,21.1,59,1018,3.6,1.7
2023-01-11,25.2,79,1011,3.7,0.0
2023-01-12,22.9,59,1016,4.1,3.7
2023-01-13,17.7,51,1006,6.0,1.6
2023-01-14,21.5,95,1014,3.8,5.6
2023-01-15,25.0,82,1007,2.8,0.0
2023-01-16,23.7,69,1010,0.0,3.1
2023-01-17,24.6,56,1015,5.6,0.0
2023-01-18,21.6,60,1013,1.3,0.7
2023-01-19,19.9,70,1015,2.0,1.6
2023-01-20,21.5,43,1020,1.1,1.4
2023-01-21,20.2,68,1013,2.6,3.5
2023-01-22,16.1,66,1016,4.0,5.1
2023-01-23,23.0,64,1018,4.5,0.0
2023-01-24,22.1,55,1017,2.9,3.6
2023-01-25,25.0,60,1011,0.5,0.0
2023-01-26,23.4,46,1006,3.8,0.0
2023-01-27,21.5,61,1010,4.9,0.0
2023-01-28,20.3,68,1015,6.6,0.0
2023-01-29,23.8,60,1014,4.0,1.5
2023-01-30,21.0,63,1011,2.0,1.4
2023-01-31,17.8,48,1015,2.2,0.0
2023-02-01,23.5,65,1017,5.6,0.0
2023-02-02,19.0,69,1015,1.5,0.0
2023-02-03,16.6,61,1013,1.6,0.8
2023-02-04,20.8,67,1015,2.7,0.9
2023-02-05,25.5,53,1019,5.0,2.0
2023-02-06,21.4,59,1009,2.1,3.1
2023-02-07,20.8,77,1011,3.4,1.8
2023-02-08,20.2,57,1009,7.2,3.0
2023-02-09,24.5,75,1014,1.1,0.1
2023-02-10,20.4,69,1010,3.3,3.6
2023-02-11,21.5,51,1012,3.6,2.2
2023-02-12,20.6,57,1014,3.3,1.0
2023-02-13,19.8,68,1015,6.0,4.3
2023-02-14,17.8,66,1009,2.5,0.0
2023-02-15,25.6,74,1008,3.6,1.5
2023-02-16,22.9,66,1011,3.9,0.0
2023-02-17,23.6,43,1015,5.7,0.7
2023-02-18,24.1,70,1007,3.2,0.0
2023-02-19,25.0,78,1016,4.8,2.4
2023-02-20,20.3,63,1011,7.2,4.3
2023-02-21,21.0,78,1017,2.5,0.0
2023-02-22,17.8,67,1011,1.0,3.0
2023-02-23,21.7,64,1018,3.9,2.1
2023-02-24,27.6,67,1008,3.5,0.3
2023-02-25,21.0,74,1010,4.3,1.9
2023-02-26,24.0,80,1018,4.1,2.8
2023-02-27,23.2,77,1013,2.5,0.0
2023-02-28,23.1,77,1005,3.2,0.0
2023-03-01,37.7,55,1006,1.4,3.3
2023-03-02,36.5,41,1010,2.8,8.6
2023-03-03,33.2,49,1012,4.4,1.3
2023-03-04,32.8,68,1011,2.8,2.1
2023-03-05,36.1,53,1016,6.6,0.0
2023-03-06,33.8,38,1008,4.7,3.0
2023-03-07,35.6,55,1010,1.9,6.3
2023-03-08,39.1,66,1003,4.5,11.5
2023-03-09,28.8,55,1015,2.5,0.4
2023-03-10,29.9,45,1011,0.0,0.0
2023-03-11,35.1,30,1014,4.7,1.0
2023-03-12,32.4,49,1009,1.3,2.1
2023-03-13,36.8,30,1006,5.3,0.1
2023-03-14,35.1,35,1008,3.8,0.0
2023-03-15,33.3,45,1005,3.8,4.1
2023-03-16,41.5,35,1011,2.6,0.0
2023-03-17,34.0,42,1014,5.6,1.2
2023-03-18,37.6,35,996,2.4,0.0
2023-03-19,37.9,55,1007,2.6,1.3
2023-03-20,35.6,57,1009,5.9,0.0
2023-03-21,33.8,57,1007,4.8,10.4
2023-03-22,32.8,51,1008,2.0,3.4
2023-03-23,35.6,64,1011,3.5,3.3
2023-03-24,37.2,52,1009,2.0,0.0
2023-03-25,33.1,51,1003,6.1,2.9
2023-03-26,36.7,42,1007,3.1,0.0
2023-03-27,35.3,46,1006,3.4,0.0
2023-03-28,36.9,43,1000,6.6,7.0
2023-03-29,34.3,58,1012,3.2,2.2
2023-03-30,31.7,64,1008,6.5,1.7
2023-03-31,31.9,55,1007,4.1,0.2
2023-04-01,30.5,42,1011,3.9,6.1
2023-04-02,35.7,47,1007,4.5,6.1
2023-04-03,38.4,42,1001,7.3,6.7
2023-04-04,33.9,47,1006,1.9,0.0
2023-04-05,33.2,48,1008,4.6,4.9
2023-04-06,31.7,41,1005,7.3,7.4
2023-04-07,34.3,50,1013,3.8,5.2
2023-04-08,33.8,49,1011,4.0,3.0
2023-04-09,36.9,66,1009,1.0,3.1
2023-04-10,27.1,53,1005,4.5,1.7
2023-04-11,34.8,61,1005,6.0,2.3
2023-04-12,34.3,55,1005,4.2,0.6
2023-04-13,35.0,54,1000,3.1,1.2
2023-04-14,37.4,47,1011,2.6,1.3
2023-04-15,30.4,48,1004,3.6,0.5
2023-04-16,36.5,49,1015,3.3,2.9
2023-04-17,35.8,44,1005,3.0,0.0
2023-04-18,36.1,73,1006,3.9,0.0
2023-04-19,36.2,52,998,0.0,5.9
2023-04-20,33.5,60,995,5.1,0.0
2023-04-21,35.7,39,1004,4.2,0.0
2023-04-22,33.1,54,1004,1.7,0.0
2023-04-23,34.2,44,1000,4.1,4.4
2023-04-24,36.7,68,1009,0.4,0.6
2023-04-25,27.8,58,1012,1.3,2.0
2023-04-26,36.6,68,1009,4.0,3.3
2023-04-27,30.3,63,1010,0.9,0.2
2023-04-28,31.5,64,1013,3.8,1.0
2023-04-29,29.5,58,1010,4.1,0.2
2023-04-30,30.4,51,1009,3.9,8.6
2023-05-01,38.2,52,1003,4.5,2.6
2023-05-02,38.1,41,1007,2.2,6.3
2023-05-03,38.0,47,1006,3.9,4.3
2023-05-04,36.5,52,1003,5.9,0.0
2023-05-05,34.6,44,1003,0.0,0.0
2023-05-06,34.7,44,1007,4.7,0.0
2023-05-07,41.3,34,1011,2.4,5.5
2023-05-08,35.6,45,1014,5.2,2.6
2023-05-09,36.5,45,1007,6.4,0.0
2023-05-10,30.4,39,1004,2.4,2.4
2023-05-11,33.7,36,1010,1.4,0.0
2023-05-12,30.2,43,1007,3.1,4.2
2023-05-13,35.1,32,1009,3.2,3.5
2023-05-14,38.0,38,1008,3.3,5.4
2023-05-15,34.9,48,1003,2.5,5.7
2023-05-16,38.1,44,1014,3.2,4.7
2023-05-17,37.0,38,1008,4.9,4.3
2023-05-18,33.1,33,999,3.4,3.5
2023-05-19,37.8,51,1012,2.7,7.8
2023-05-20,35.1,49,1004,2.9,0.0
2023-05-21,28.9,50,1001,4.8,1.3
2023-05-22,37.1,52,1010,5.4,1.0
2023-05-23,35.9,41,1012,2.8,2.8
2023-05-24,41.3,44,1005,4.4,2.1
2023-05-25,29.8,44,1008,6.0,0.0
2023-05-26,36.9,30,1009,2.4,8.1
2023-05-27,35.5,51,1008,2.8,0.0
2023-05-28,33.8,43,1008,5.2,0.0
2023-05-29,36.5,58,1005,5.7,3.0
2023-05-30,30.9,40,1012,5.9,0.0
2023-05-31,36.5,60,1009,3.7,0.0
2023-06-01,37.5,48,1010,5.8,0.8
2023-06-02,33.0,49,998,4.4,0.0
2023-06-03,36.8,52,1006,0.0,0.0
2023-06-04,39.1,39,1011,2.2,5.8
2023-06-05,31.6,53,1008,3.0,0.0
2023-06-06,29.7,30,1005,2.9,2.7
2023-06-07,37.1,61,1006,5.0,1.2
2023-06-08,30.9,52,1010,0.1,3.7
2023-06-09,32.7,41,1009,7.0,2.3
2023-06-10,33.5,45,1009,6.5,5.4
2023-06-11,35.9,38,1001,5.3,0.0
2023-06-12,38.6,68,1012,2.8,4.5
2023-06-13,31.5,58,1008,4.8,3.3
2023-06-14,36.0,62,1010,5.7,5.9
2023-06-15,36.5,45,1002,6.1,4.3
2023-06-16,31.4,52,1010,3.9,0.0
2023-06-17,30.2,54,1011,4.0,0.3
2023-06-18,36.2,40,1006,5.7,0.2
2023-06-19,40.0,41,999,1.6,5.2
2023-06-20,32.1,36,1009,3.6,0.0
2023-06-21,36.1,56,1010,3.9,2.8
2023-06-22,31.4,60,1004,3.6,0.2
2023-06-23,32.3,45,1009,2.2,3.0
2023-06-24,33.5,60,1016,6.4,3.5
2023-06-25,38.4,36,1007,2.9,4.3
2023-06-26,35.5,59,1004,5.5,3.5
2023-06-27,33.1,52,1007,5.5,1.1
2023-06-28,31.9,69,1005,4.7,0.0
2023-06-29,36.8,48,1009,3.5,1.8
2023-06-30,39.2,58,1004,3.8,4.6
2023-07-01,29.4,71,1003,5.3,18.6
2023-07-02,27.9,93,1005,5.6,6.0
2023-07-03,28.9,86,1009,4.0,2.7
2023-07-04,28.8,77,1003,2.5,23.1
2023-07-05,29.6,70,1003,5.7,33.2
2023-07-06,30.4,72,1007,3.6,14.9
2023-07-07,32.4,88,1003,1.8,24.2
2023-07-08,28.8,81,998,4.0,20.5
2023-07-09,30.3,77,1006,6.6,27.9
2023-07-10,29.6,87,1008,1.8,31.4
2023-07-11,29.5,77,1007,2.3,19.9
2023-07-12,30.1,63,1003,4.1,29.4
2023-07-13,29.4,89,1004,3.8,0.0
2023-07-14,29.1,93,1007,4.7,6.1
2023-07-15,32.5,74,1008,4.9,7.7
2023-07-16,26.9,75,1007,2.6,18.9
2023-07-17,24.2,84,998,0.0,2.8
2023-07-18,31.6,81,1009,5.3,12.7
2023-07-19,33.2,68,1000,3.5,14.7
2023-07-20,29.5,85,1006,5.4,15.5
2023-07-21,34.3,77,1005,2.4,5.6
2023-07-22,33.0,77,1003,5.4,9.3
2023-07-23,29.7,74,1002,4.1,31.7
2023-07-24,31.3,66,1001,5.6,19.8
2023-07-25,28.1,85,1007,4.5,26.1
2023-07-26,29.5,75,1002,1.9,29.7
2023-07-27,31.3,73,1000,3.0,5.5
2023-07-28,29.8,81,1006,3.6,24.5
2023-07-29,29.6,84,1005,3.1,27.7
2023-07-30,28.0,68,1006,5.2,21.7
2023-07-31,29.7,91,1007,3.9,10.2
2023-08-01,28.8,84,1006,4.2,19.1
2023-08-02,29.9,95,1007,4.2,26.8
2023-08-03,32.0,84,1004,3.8,15.3
2023-08-04,23.7,81,1009,4.0,10.1
2023-08-05,27.6,79,1006,4.6,4.5
2023-08-06,31.9,73,1000,5.4,15.3
2023-08-07,31.0,83,1006,7.2,15.0
2023-08-08,29.4,81,1002,4.2,4.1
2023-08-09,32.2,77,1003,2.9,12.6
2023-08-10,30.6,68,1003,5.4,27.8
2023-08-11,27.5,85,1006,2.0,21.7
2023-08-12,30.5,70,1008,5.6,12.5
2023-08-13,30.0,72,1005,0.0,21.5
2023-08-14,31.6,79,1001,0.0,27.0
2023-08-15,30.6,82,1002,9.5,0.0
2023-08-16,29.4,85,998,3.7,8.5
2023-08-17,29.5,76,1005,3.7,13.9
2023-08-18,27.5,83,998,5.5,0.0
2023-08-19,31.0,79,1002,3.5,1.0
2023-08-20,26.8,74,1009,3.2,21.5
2023-08-21,31.5,64,1002,4.6,21.6
2023-08-22,29.5,90,1006,3.4,6.3
2023-08-23,29.7,78,1004,3.9,6.5
2023-08-24,30.5,80,1007,1.9,23.0
2023-08-25,31.7,70,1006,0.2,20.9
2023-08-26,30.2,76,1009,2.7,7.4
2023-08-27,28.4,80,1004,6.3,21.9
2023-08-28,31.1,62,1003,5.0,9.7
2023-08-29,24.8,95,1005,6.4,20.3
2023-08-30,34.7,86,1005,3.7,24.5
2023-08-31,29.0,73,1000,3.8,8.1
2023-09-01,26.6,81,1005,3.0,14.6
2023-09-02,36.2,90,1005,2.8,2.6
2023-09-03,28.0,69,1002,5.9,19.3
2023-09-04,32.0,90,1006,5.3,6.5
2023-09-05,29.1,73,1005,5.3,31.1
2023-09-06,28.4,70,1004,1.9,9.3
2023-09-07,30.0,66,1007,5.2,3.8
2023-09-08,29.2,71,1003,5.3,4.7
2023-09-09,31.9,76,1005,2.4,3.5
2023-09-10,29.0,90,1005,1.5,23.3
2023-09-11,30.4,88,1009,6.6,11.2
2023-09-12,33.3,82,1009,4.9,20.9
2023-09-13,29.0,76,1001,3.7,17.4
2023-09-14,32.2,62,1008,3.1,30.3
2023-09-15,31.1,80,1007,1.2,27.3
2023-09-16,31.2,78,1002,7.5,15.8
2023-09-17,32.1,74,1003,4.9,1.7
2023-09-18,30.5,90,1007,4.7,22.9
2023-09-19,27.2,78,1004,5.0,25.6
2023-09-20,29.4,71,1005,2.7,13.8
2023-09-21,29.5,72,1004,6.9,26.2
2023-09-22,33.1,79,998,1.1,4.9
2023-09-23,27.3,91,1006,0.0,16.2
2023-09-24,27.6,87,1004,5.1,17.9
2023-09-25,33.3,78,1005,8.8,15.7
2023-09-26,25.8,85,1006,2.7,13.9
2023-09-27,29.9,85,1007,2.3,46.1
2023-09-28,29.2,76,1004,5.5,0.0
2023-09-29,27.5,88,1002,3.7,19.9
2023-09-30,33.2,85,1004,4.2,15.1
2023-10-01,27.0,43,1010,4.8,13.2
2023-10-02,27.9,54,1005,8.6,4.3
2023-10-03,25.5,51,1013,4.0,3.2
2023-10-04,25.5,70,1011,5.4,7.9
2023-10-05,32.8,77,1014,4.8,2.3
2023-10-06,29.0,46,1007,5.7,4.3
2023-10-07,30.1,43,1013,3.6,4.9
2023-10-08,29.5,62,1009,1.6,6.4
2023-10-09,25.8,65,1009,3.2,5.1
2023-10-10,27.4,68,1005,5.5,3.7
2023-10-11,27.6,60,1009,4.6,11.4
2023-10-12,25.6,58,1005,4.4,7.4
2023-10-13,28.2,60,1011,7.0,9.1
2023-10-14,26.0,61,1006,5.9,5.3
2023-10-15,32.6,59,1010,2.6,7.0
2023-10-16,24.4,54,1015,3.8,0.0
2023-10-17,27.3,67,1007,4.1,0.5
2023-10-18,30.1,64,1010,4.8,6.0
2023-10-19,28.4,51,1006,4.2,5.2
2023-10-20,27.0,80,1005,3.7,4.8
2023-10-21,29.0,73,1005,5.6,2.6
2023-10-22,25.2,56,1009,5.4,4.0
2023-10-23,26.6,57,1010,4.2,4.9
2023-10-24,28.9,66,1011,0.8,6.6
2023-10-25,28.1,63,1007,2.7,7.9
2023-10-26,26.9,64,1008,5.8,9.1
2023-10-27,28.2,59,1012,4.7,4.2
2023-10-28,32.6,53,1008,2.3,7.1
2023-10-29,28.0,61,1009,1.7,16.7
2023-10-30,28.5,43,1010,5.6,4.6
2023-10-31,29.9,55,1007,1.7,4.4
2023-11-01,22.9,52,1011,5.1,0.2
2023-11-02,27.4,51,1014,4.0,0.0
2023-11-03,22.7,60,1016,6.1,0.6
2023-11-04,16.1,61,1011,7.5,1.4
2023-11-05,20.1,64,1012,0.3,2.1
2023-11-06,20.7,75,1011,5.9,0.3
2023-11-07,21.0,59,1018,8.8,1.3
2023-11-08,24.5,76,1010,4.1,0.0
2023-11-09,22.3,54,1016,4.7,0.6
2023-11-10,23.5,67,1012,1.6,0.0
2023-11-11,27.4,65,1011,9.9,0.6
2023-11-12,18.8,60,1017,5.9,1.8
2023-11-13,27.4,70,1013,4.6,0.0
2023-11-14,28.2,51,1015,5.7,3.4
2023-11-15,21.7,56,1017,5.9,2.5
2023-11-16,22.0,59,1018,4.8,0.0
2023-11-17,19.1,59,1009,2.4,0.1
2023-11-18,18.6,60,1008,8.0,0.0
2023-11-19,25.8,57,1016,6.4,1.5
2023-11-20,19.5,75,1009,5.4,0.0
2023-11-21,25.9,90,1017,3.2,0.0
2023-11-22,24.4,50,1011,4.2,0.0
2023-11-23,20.1,71,1017,7.2,3.1
2023-11-24,23.2,52,1012,5.8,3.7
2023-11-25,26.7,69,1011,6.6,0.0
2023-11-26,21.5,65,1017,4.6,2.5
2023-11-27,21.4,61,1017,3.5,2.7
2023-11-28,25.2,63,1011,2.0,0.0
2023-11-29,21.2,77,1015,2.7,0.0
2023-11-30,21.2,49,1014,5.1,0.6
2023-12-01,22.7,53,1015,4.4,3.2
2023-12-02,22.0,59,1016,0.5,1.4
2023-12-03,20.4,62,1019,2.5,1.5
2023-12-04,20.5,59,1013,5.5,0.0
2023-12-05,18.8,69,1012,3.3,0.0
2023-12-06,27.0,62,1007,4.1,0.0
2023-12-07,23.8,68,1019,2.9,1.3
2023-12-08,24.7,48,1007,3.5,0.0
2023-12-09,21.9,66,1011,3.6,1.1
2023-12-10,17.5,78,1013,7.2,0.4
2023-12-11,18.3,53,1014,4.9,0.0
2023-12-12,24.2,90,1017,2.9,0.0
2023-12-13,20.2,58,1021,5.7,0.0
2023-12-14,22.1,78,1009,0.0,0.0
2023-12-15,19.9,66,1015,1.2,1.2
2023-12-16,24.4,67,1007,4.6,2.5
2023-12-17,18.4,61,1015,2.3,2.1
2023-12-18,22.0,49,1014,6.2,3.3
2023-12-19,20.4,59,1018,2.6,0.0
2023-12-20,23.9,61,1012,1.6,0.0
2023-12-21,22.1,53,1014,3.6,2.9
2023-12-22,24.0,74,1011,0.5,1.0
2023-12-23,19.9,58,1013,5.4,1.2
2023-12-24,20.2,64,1016,3.9,3.4
2023-12-25,20.2,58,1012,5.5,0.0
2023-12-26,21.3,51,1016,1.2,4.5
2023-12-27,20.7,66,1010,6.0,4.4
2023-12-28,26.2,58,1010,3.6,0.4
2023-12-29,21.9,71,1012,0.1,3.2
2023-12-30,21.9,67,1013,4.2,1.5
2023-12-31,26.5,68,1012,3.7,0.3
2024-01-01,26.9,63,1013,6.2,1.0
2024-01-02,27.9,69,1015,0.0,1.2
2024-01-03,24.2,66,1012,3.2,1.9
2024-01-04,20.8,75,1023,4.9,0.2
2024-01-05,18.2,63,1006,7.2,0.0
2024-01-06,24.1,70,1009,3.0,1.3
2024-01-07,24.5,54,1014,3.7,0.0
2024-01-08,22.4,72,1016,6.4,2.3
2024-01-09,17.4,70,1010,1.0,2.3
2024-01-10,19.8,58,1012,2.3,2.5
2024-01-11,20.2,76,1014,3.8,1.0
2024-01-12,25.9,57,1015,3.7,3.6
2024-01-13,29.5,54,1010,5.9,0.3
2024-01-14,27.1,81,1014,3.3,3.4
2024-01-15,17.0,85,1013,6.7,1.9
2024-01-16,19.1,69,1017,3.9,0.7
2024-01-17,17.6,65,1014,5.6,3.1
2024-01-18,18.9,64,1017,4.1,0.0
2024-01-19,24.1,75,1016,2.0,2.4
2024-01-20,22.0,59,1013,2.0,0.3
2024-01-21,16.1,58,1009,4.0,1.4
2024-01-22,27.7,75,1016,6.3,4.3
2024-01-23,19.8,58,1019,7.1,0.0
2024-01-24,20.3,62,1016,6.2,0.0
2024-01-25,16.8,69,1015,4.9,0.4
2024-01-26,21.4,63,1018,4.8,0.6
2024-01-27,22.7,52,1018,4.1,0.2
2024-01-28,24.0,82,1015,3.0,3.1
2024-01-29,15.0,63,1016,3.7,0.3
2024-01-30,21.0,47,1016,7.4,0.0
2024-01-31,21.7,68,1011,4.7,2.9
2024-02-01,19.8,73,1016,2.4,1.3
2024-02-02,24.1,85,1013,4.5,0.0
2024-02-03,24.4,59,1020,5.5,0.0
2024-02-04,16.8,58,1020,5.9,4.1
2024-02-05,21.5,65,1019,2.2,0.7
2024-02-06,19.6,75,1020,2.7,0.9
2024-02-07,21.8,55,1009,3.0,1.0
2024-02-08,17.7,71,1008,6.7,2.4
2024-02-09,29.5,65,1025,1.4,0.0
2024-02-10,22.1,66,1016,3.0,3.7
2024-02-11,19.1,61,1015,2.9,0.0
2024-02-12,17.5,77,1009,3.7,0.0
2024-02-13,22.2,47,1010,7.4,1.7
2024-02-14,23.6,61,1014,5.2,0.0
2024-02-15,21.9,62,1012,3.3,1.1
2024-02-16,15.7,74,1011,7.8,1.6
2024-02-17,22.3,54,1016,4.8,2.7
2024-02-18,20.7,69,1017,0.2,0.5
2024-02-19,20.7,82,1012,3.1,0.0
2024-02-20,18.4,42,1015,3.9,0.5
2024-02-21,21.6,65,1014,2.9,3.0
2024-02-22,21.2,70,1012,4.2,3.8
2024-02-23,23.0,55,1009,0.5,1.0
2024-02-24,23.1,61,1014,2.0,1.4
2024-02-25,21.9,52,1009,3.6,3.8
2024-02-26,18.9,70,1012,5.7,0.3
2024-02-27,22.1,70,1009,4.2,0.0
2024-02-28,21.0,71,1015,0.8,0.8
2024-02-29,27.7,63,1011,4.6,2.4
2024-03-01,31.1,54,1008,5.4,0.9
2024-03-02,31.3,43,1016,3.7,3.4
2024-03-03,36.8,48,1001,4.2,7.8
2024-03-04,30.1,30,1008,3.4,2.9
2024-03-05,34.7,80,1010,2.7,1.2
2024-03-06,35.9,47,1015,6.4,0.8
2024-03-07,35.4,30,1018,3.5,0.9
2024-03-08,38.3,64,1004,0.0,2.7
2024-03-09,37.1,41,1003,3.5,2.5
2024-03-10,35.1,52,1012,2.8,0.0
2024-03-11,30.0,48,1008,6.7,2.1
2024-03-12,34.3,48,1011,4.4,0.0
2024-03-13,33.7,30,1003,2.8,6.3
2024-03-14,36.1,38,999,5.4,0.0
2024-03-15,33.4,79,1004,2.9,0.0
2024-03-16,35.7,45,1004,1.2,3.8
2024-03-17,29.6,30,1006,2.7,0.4
2024-03-18,38.7,62,1000,2.9,1.0
2024-03-19,33.2,43,1005,3.2,0.0
2024-03-20,33.1,52,1004,6.5,3.1
2024-03-21,32.1,33,1004,4.6,3.1
2024-03-22,27.8,63,1001,1.0,4.0
2024-03-23,40.0,42,998,3.3,0.0
2024-03-24,34.3,57,1001,4.9,0.0
2024-03-25,38.0,34,1008,6.2,5.2
2024-03-26,34.8,30,1012,2.2,1.5
2024-03-27,33.8,48,1014,2.2,0.0
2024-03-28,36.5,49,1009,3.5,5.8
2024-03-29,32.3,57,1010,1.8,0.0
2024-03-30,38.8,51,1008,0.5,3.9
2024-03-31,32.4,56,1012,4.8,2.5
2024-04-01,32.1,42,998,7.3,2.3
2024-04-02,36.3,62,1012,8.5,0.0
2024-04-03,31.0,57,1001,5.0,2.0
2024-04-04,37.5,43,1001,1.0,5.5
2024-04-05,35.4,50,1011,5.1,0.0
2024-04-06,37.6,48,1006,8.1,3.8
2024-04-07,32.6,71,1002,6.7,2.1
2024-04-08,35.4,58,1009,2.8,5.7
2024-04-09,37.9,50,999,4.9,4.1
2024-04-10,33.1,66,1008,5.0,3.9
2024-04-11,32.0,66,1009,7.2,8.0
2024-04-12,33.3,42,1009,3.2,2.1
2024-04-13,36.6,53,1010,5.7,0.0
2024-04-14,35.5,61,1009,1.7,0.0
2024-04-15,31.7,43,1005,3.6,0.0
2024-04-16,37.5,46,1012,2.3,0.0
2024-04-17,34.8,54,1012,5.0,2.6
2024-04-18,32.4,71,1007,5.9,2.6
2024-04-19,35.7,53,1006,3.4,9.5
2024-04-20,35.3,60,1000,2.8,0.0
2024-04-21,30.1,45,1004,1.1,3.5
2024-04-22,35.2,58,1011,5.6,0.0
2024-04-23,37.9,62,1006,4.2,8.6
2024-04-24,33.8,50,1002,2.3,6.6
2024-04-25,39.1,60,1011,4.7,0.9
2024-04-26,39.5,50,1018,5.2,5.1
2024-04-27,35.1,57,1017,4.4,0.9
2024-04-28,34.2,41,1011,3.0,5.3
2024-04-29,36.7,34,1009,7.4,2.6
2024-04-30,32.7,37,1002,6.7,0.0
2024-05-01,39.6,53,1008,3.8,5.7
2024-05-02,34.0,46,1009,3.9,0.0
2024-05-03,37.2,50,1004,4.1,1.5
2024-05-04,37.2,38,1008,2.6,2.3
2024-05-05,33.2,52,1009,2.2,0.0
2024-05-06,38.2,73,1010,2.5,0.0
2024-05-07,38.1,37,1004,3.6,3.4
2024-05-08,31.9,58,1010,3.3,0.0
2024-05-09,34.7,51,1008,7.1,0.0
2024-05-10,32.7,61,1004,1.1,6.5
2024-05-11,35.9,44,1008,2.4,7.6
2024-05-12,31.6,60,1008,5.9,0.3
2024-05-13,33.5,49,1010,5.2,2.0
2024-05-14,34.3,50,1002,4.5,0.9
2024-05-15,40.7,41,1004,5.4,0.0
2024-05-16,36.3,48,1008,0.9,0.0
2024-05-17,35.4,58,1001,7.2,0.0
2024-05-18,33.2,61,1007,4.9,1.5
2024-05-19,32.3,51,1002,4.7,0.9
2024-05-20,34.2,48,1014,5.8,0.0
2024-05-21,37.9,46,1015,3.9,0.0
2024-05-22,32.8,54,1007,6.6,5.5
2024-05-23,38.2,39,1011,0.0,0.0
2024-05-24,34.6,35,1006,3.3,0.6
2024-05-25,33.3,39,1015,1.7,8.9
2024-05-26,39.7,46,1007,2.7,2.4
2024-05-27,38.0,51,1002,2.2,0.6
2024-05-28,30.1,50,1006,6.7,0.0
2024-05-29,38.6,49,1015,5.0,1.7
2024-05-30,34.0,35,1011,2.7,3.2
2024-05-31,35.9,46,998,3.6,1.4
2024-06-01,37.9,43,1004,4.7,2.2
2024-06-02,34.4,40,1011,2.8,6.0
2024-06-03,36.5,55,1001,6.0,3.9
2024-06-04,33.3,46,1009,3.2,9.9
2024-06-05,28.4,63,1003,3.3,0.0
2024-06-06,39.2,57,1009,2.8,1.5
2024-06-07,35.4,50,1011,5.0,4.9
2024-06-08,33.9,57,1003,3.2,1.7
2024-06-09,35.3,59,1003,4.1,1.4
2024-06-10,35.3,51,1012,2.8,4.8
2024-06-11,33.2,39,1013,3.4,4.1
2024-06-12,34.3,64,1009,1.6,3.5
2024-06-13,37.0,40,1006,2.8,0.0
2024-06-14,34.3,35,1012,0.1,4.9
2024-06-15,37.9,41,1007,4.1,4.6
2024-06-16,34.4,62,1010,6.2,0.0
2024-06-17,37.1,73,1011,3.8,0.4
2024-06-18,38.7,49,1013,3.0,0.8
2024-06-19,30.8,44,1013,4.2,3.9
2024-06-20,39.0,36,1006,3.8,0.7
2024-06-21,35.3,56,1008,3.9,0.7
2024-06-22,32.2,48,1007,4.1,1.6
2024-06-23,35.2,45,1003,2.6,5.8
2024-06-24,43.3,39,1010,0.0,0.0
2024-06-25,34.3,71,1000,1.0,0.0
2024-06-26,37.7,61,1010,6.8,0.5
2024-06-27,40.4,47,1004,3.1,0.0
2024-06-28,34.2,48,1013,3.7,5.4
2024-06-29,38.3,53,1011,4.1,2.2
2024-06-30,41.2,35,1007,4.9,0.5
2024-07-01,32.5,79,1007,5.5,0.8
2024-07-02,26.1,79,1003,2.2,0.0
2024-07-03,31.6,80,1007,1.1,2.1
2024-07-04,30.7,73,1006,5.0,11.3
2024-07-05,32.7,79,1003,4.4,18.1
2024-07-06,30.9,79,1005,4.7,0.0
2024-07-07,28.6,69,1006,3.5,29.8
2024-07-08,27.7,73,1005,2.9,28.0
2024-07-09,31.0,73,1009,3.1,30.0
2024-07-10,28.7,59,1000,4.3,0.2
2024-07-11,29.3,69,1006,5.1,12.2
2024-07-12,26.2,78,1007,5.6,1.2
2024-07-13,28.2,73,998,4.7,10.4
2024-07-14,29.5,87,1003,1.0,4.0
2024-07-15,28.0,70,1002,4.2,25.0
2024-07-16,29.2,69,1006,1.6,13.3
2024-07-17,31.6,73,1006,2.7,10.2
2024-07-18,30.1,77,997,0.3,16.3
2024-07-19,31.2,88,1004,4.6,5.9
2024-07-20,31.4,63,1004,5.4,6.1
2024-07-21,35.0,78,1006,6.6,0.9
2024-07-22,30.2,72,1006,1.9,24.6
2024-07-23,30.8,87,1004,3.3,26.8
2024-07-24,32.5,70,1000,6.1,19.4
2024-07-25,29.5,90,1001,6.8,19.9
2024-07-26,33.1,87,1004,4.3,7.4
2024-07-27,28.6,93,996,4.7,16.4
2024-07-28,29.3,79,1007,6.2,11.3
2024-07-29,30.6,77,1005,2.4,14.6
2024-07-30,31.2,83,1008,2.6,30.4
2024-07-31,31.6,72,1003,2.0,22.0
2024-08-01,30.6,58,1004,4.2,0.0
2024-08-02,29.3,67,1006,5.2,6.8
2024-08-03,30.0,89,1002,3.4,19.0
2024-08-04,27.2,79,1007,6.8,26.1
2024-08-05,29.4,90,1009,4.0,13.1
2024-08-06,31.4,91,1005,6.6,13.1
2024-08-07,29.7,69,1003,4.3,36.4
2024-08-08,32.3,75,1005,0.4,4.9
2024-08-09,29.4,81,1000,7.2,12.3
2024-08-10,30.2,91,1002,4.5,12.4
2024-08-11,29.6,70,1003,0.3,29.7
2024-08-12,32.7,75,999,7.5,8.9
2024-08-13,27.4,80,1006,3.9,24.1
2024-08-14,26.6,73,1002,4.4,16.9
2024-08-15,31.4,87,1011,5.5,2.7
2024-08-16,30.0,88,1000,3.5,38.7
2024-08-17,25.2,81,1004,2.7,18.7
2024-08-18,25.9,82,1003,4.9,29.6
2024-08-19,26.9,83,1002,2.5,11.1
2024-08-20,29.2,83,1003,3.9,1.9
2024-08-21,27.8,94,1002,2.0,6.5
2024-08-22,33.6,84,1008,4.4,5.6
2024-08-23,30.5,77,1006,2.9,7.5
2024-08-24,33.6,69,1004,4.6,30.4
2024-08-25,31.7,74,996,2.6,23.6
2024-08-26,28.2,69,1006,5.4,12.9
2024-08-27,30.5,74,1005,5.9,18.7
2024-08-28,31.6,80,1003,2.9,6.0
2024-08-29,29.4,82,1004,4.0,22.2
2024-08-30,30.3,75,999,2.6,5.7
2024-08-31,30.9,74,1006,5.0,12.6
2024-09-01,27.8,87,1001,2.4,26.3
2024-09-02,32.4,78,1000,3.5,0.0
2024-09-03,27.7,76,1009,3.4,15.3
2024-09-04,32.1,91,1005,0.1,29.3
2024-09-05,30.9,88,1010,5.7,14.2
2024-09-06,31.1,88,997,3.0,18.3
2024-09-07,32.4,73,1001,7.6,12.8
2024-09-08,33.4,72,1002,5.2,16.5
2024-09-09,31.0,86,1013,1.9,18.3
2024-09-10,26.6,76,1000,2.0,0.0
2024-09-11,28.2,72,1003,3.6,20.2
2024-09-12,31.8,73,1006,0.1,12.4
2024-09-13,25.2,82,1011,4.3,19.9
2024-09-14,31.6,78,1010,0.0,18.0
2024-09-15,30.8,95,1009,2.7,17.8
2024-09-16,29.9,80,1001,1.8,0.0
2024-09-17,31.6,86,1007,3.7,18.2
2024-09-18,32.4,80,1004,5.4,15.6
2024-09-19,29.2,87,1001,5.4,3.7
2024-09-20,29.8,76,1003,3.6,23.9
2024-09-21,32.8,92,1004,6.5,30.7
2024-09-22,28.1,72,1010,2.3,0.0
2024-09-23,29.7,72,1003,1.4,22.0
2024-09-24,30.9,68,998,1.2,6.6
2024-09-25,30.4,64,1004,2.9,0.2
2024-09-26,34.0,94,1006,5.5,6.3
2024-09-27,28.8,68,1004,3.1,14.9
2024-09-28,30.9,73,1005,4.8,3.5
2024-09-29,27.6,87,1003,3.5,0.0
2024-09-30,28.7,75,1002,8.9,33.7
2024-10-01,28.9,60,1017,2.0,6.9
2024-10-02,25.8,53,1004,4.0,5.1
2024-10-03,31.4,61,1008,5.8,3.8
2024-10-04,26.3,74,1010,4.0,12.7
2024-10-05,30.1,68,1008,1.4,1.8
2024-10-06,28.8,65,1008,1.3,0.0
2024-10-07,26.2,64,1009,0.7,2.1
2024-10-08,28.4,59,1009,4.4,2.1
2024-10-09,26.4,48,1008,3.8,12.2
2024-10-10,30.0,88,1011,2.6,0.0
2024-10-11,26.9,54,1009,1.1,0.5
2024-10-12,29.9,60,1008,3.3,6.7
2024-10-13,28.6,50,1007,2.2,3.6
2024-10-14,23.8,70,1013,6.1,2.3
2024-10-15,25.4,51,1015,3.9,15.2
2024-10-16,28.5,54,1007,0.0,6.7
2024-10-17,25.4,60,1009,1.9,0.5
2024-10-18,26.4,66,1009,5.8,6.0
2024-10-19,29.0,71,1008,1.4,3.2
2024-10-20,27.1,67,1012,0.4,10.2
2024-10-21,30.2,45,1008,5.4,8.6
2024-10-22,25.3,69,1007,2.0,0.0
2024-10-23,24.5,60,1018,4.2,12.2
2024-10-24,30.2,61,1008,4.4,7.0
2024-10-25,29.1,55,1009,5.7,4.7
2024-10-26,25.9,59,1013,6.7,12.6
2024-10-27,28.0,62,1014,0.1,9.0
2024-10-28,25.4,70,1007,1.5,3.9
2024-10-29,26.9,48,1009,3.9,13.4
2024-10-30,29.2,67,1013,2.7,8.8
2024-10-31,27.4,66,1009,4.8,2.9
2024-11-01,24.4,47,1014,5.4,2.4
2024-11-02,24.3,81,1020,6.9,3.7
2024-11-03,22.9,65,1017,3.4,2.7
2024-11-04,23.2,64,1020,4.1,0.0
2024-11-05,28.1,48,1015,6.3,0.0
2024-11-06,23.2,68,1010,4.6,0.0
2024-11-07,17.9,59,1011,7.2,2.0
2024-11-08,25.7,49,1005,2.4,0.0
2024-11-09,24.3,60,1008,5.6,1.9
2024-11-10,20.3,65,1009,1.7,0.8
2024-11-11,24.9,68,1016,4.3,3.1
2024-11-12,16.8,62,1022,5.4,0.9
2024-11-13,26.6,70,1015,4.5,0.0
2024-11-14,19.2,61,1021,0.0,0.6
2024-11-15,25.6,55,1019,5.5,0.0
2024-11-16,25.8,73,1017,3.7,5.1
2024-11-17,23.0,77,1012,3.4,0.0
2024-11-18,15.7,66,1015,5.7,0.0
2024-11-19,20.6,81,1019,5.4,0.0
2024-11-20,16.9,92,1011,1.2,0.9
2024-11-21,21.3,63,1013,5.3,1.2
2024-11-22,20.8,45,1005,4.7,0.7
2024-11-23,19.1,66,1011,6.1,3.6
2024-11-24,20.7,82,1011,5.4,0.3
2024-11-25,20.7,56,1014,6.7,0.0
2024-11-26,16.2,65,1015,6.6,2.2
2024-11-27,21.8,63,1015,3.2,2.2
2024-11-28,23.5,58,1012,6.7,0.0
2024-11-29,15.0,68,1008,4.6,1.1
2024-11-30,23.4,70,1020,2.5,0.0
2024-12-01,24.1,72,1017,3.2,0.0
2024-12-02,15.8,76,1011,3.2,0.0
2024-12-03,22.8,64,1009,2.5,2.1
2024-12-04,21.7,83,1019,4.1,0.8
2024-12-05,20.5,62,1017,6.7,0.7
2024-12-06,23.1,76,1013,2.6,0.0
2024-12-07,22.9,61,1011,4.1,2.5
2024-12-08,24.1,44,1013,0.0,5.2
2024-12-09,22.5,65,1018,5.5,0.8
2024-12-10,22.9,69,1022,1.0,0.8
2024-12-11,22.4,65,1011,0.5,2.6
2024-12-12,22.5,67,1009,6.3,4.0
2024-12-13,29.1,61,1013,4.0,0.0
2024-12-14,23.7,59,1010,0.5,4.1
2024-12-15,25.3,42,1025,4.0,0.6
2024-12-16,18.6,64,1015,5.3,0.9
2024-12-17,18.9,81,1017,2.7,1.5
2024-12-18,25.9,62,1011,2.0,1.6
2024-12-19,24.1,60,1012,5.4,0.0
2024-12-20,20.1,63,1007,1.1,1.0
2024-12-21,23.0,57,1018,5.4,3.1
2024-12-22,27.5,64,1012,8.9,2.3
2024-12-23,28.0,65,1020,3.7,1.8
2024-12-24,20.0,73,1015,2.3,1.2
2024-12-25,16.8,67,1014,6.9,2.8
2024-12-26,19.9,54,1014,5.5,0.9
2024-12-27,19.7,78,1014,6.5,4.9
2024-12-28,18.8,75,1018,4.0,3.1
2024-12-29,15.0,58,1011,4.2,0.0
2024-12-30,20.7,56,1012,6.2,0.0
2024-12-31,20.0,59,1016,4.9,0.1
2025-01-01,15.0,75,1010,2.1,3.9
2025-01-02,20.6,57,1007,1.8,1.4
2025-01-03,26.6,55,1016,0.4,3.5
2025-01-04,23.9,63,1015,4.9,0.1
2025-01-05,24.1,76,1009,3.1,1.8
2025-01-06,30.8,72,1020,4.5,5.7
2025-01-07,22.9,64,1015,6.4,0.0
2025-01-08,20.2,69,1011,3.1,2.7
2025-01-09,18.9,56,1011,6.8,0.0
2025-01-10,19.3,66,1019,6.6,0.0
2025-01-11,24.6,68,1010,7.9,0.5
2025-01-12,19.7,71,1012,6.1,3.1
2025-01-13,24.3,82,1009,3.0,0.1
2025-01-14,22.6,65,1007,4.9,0.2
2025-01-15,27.9,69,1017,4.8,2.2
2025-01-16,24.8,68,1011,3.5,0.4
2025-01-17,22.9,61,1016,5.7,1.6
2025-01-18,25.8,65,1013,4.1,0.0
2025-01-19,16.5,78,1016,6.7,1.3
2025-01-20,20.1,70,1014,2.5,0.8
2025-01-21,27.0,61,1007,6.4,2.4
2025-01-22,25.2,65,1016,8.6,0.5
2025-01-23,16.7,72,1014,3.5,0.0
2025-01-24,20.7,64,1019,0.4,0.0
2025-01-25,23.6,61,1015,0.9,0.0
2025-01-26,22.1,50,1011,3.1,1.9
2025-01-27,22.9,57,1008,5.3,0.9
2025-01-28,27.3,92,1018,0.4,1.2
2025-01-29,26.5,72,1019,3.5,0.0
2025-01-30,20.6,69,1019,1.9,0.0
2025-01-31,18.8,55,1012,1.3,2.5
2025-02-01,20.2,64,1010,8.2,0.0
2025-02-02,19.4,61,1013,5.2,0.3
2025-02-03,24.8,61,1020,3.8,0.0
2025-02-04,27.2,42,1022,3.3,1.4
2025-02-05,21.3,67,1013,3.3,0.0
2025-02-06,20.1,77,1016,5.6,1.9
2025-02-07,21.2,57,1015,1.9,0.0
2025-02-08,20.5,59,1003,3.6,5.2
2025-02-09,27.2,66,1015,2.7,2.5
2025-02-10,15.3,67,1011,3.0,0.0
2025-02-11,27.2,89,1013,1.6,1.4
2025-02-12,23.4,82,1005,5.3,0.5
2025-02-13,25.0,49,1016,3.9,1.4
2025-02-14,19.6,75,1009,0.0,0.2
2025-02-15,25.8,71,1013,2.9,1.2
2025-02-16,18.8,60,1012,3.4,0.0
2025-02-17,23.8,64,1020,6.1,2.6
2025-02-18,23.4,65,1017,7.4,0.0
2025-02-19,23.0,84,1010,5.7,0.0
2025-02-20,22.8,78,1011,3.6,1.0
2025-02-21,17.4,53,1018,4.7,2.9
2025-02-22,16.8,61,1019,2.8,0.0
2025-02-23,18.7,65,1020,2.5,0.0
2025-02-24,17.8,43,1012,1.1,0.9
2025-02-25,25.6,71,1020,5.3,0.9
2025-02-26,19.5,54,1016,4.3,2.6
2025-02-27,19.5,71,1014,6.9,0.0
2025-02-28,20.0,49,1018,4.5,0.0
2025-03-01,34.6,44,1004,4.6,3.5
2025-03-02,32.8,41,1006,3.9,0.1
2025-03-03,35.7,30,1006,7.0,0.0
2025-03-04,31.8,51,1002,4.8,6.5
2025-03-05,32.6,44,1005,9.4,0.0
2025-03-06,37.5,61,1001,4.8,3.5
2025-03-07,38.2,41,1010,7.7,4.9
2025-03-08,33.7,39,1013,0.3,0.9
2025-03-09,28.8,50,1008,5.9,0.7
2025-03-10,33.3,31,1004,1.9,8.1
2025-03-11,38.3,46,1009,6.2,1.8
2025-03-12,34.0,65,1011,2.3,0.0
2025-03-13,39.1,51,1010,5.8,0.0
2025-03-14,36.9,39,1007,3.9,0.5
2025-03-15,37.2,30,1006,2.3,3.0
2025-03-16,32.8,47,1005,2.2,0.0
2025-03-17,36.6,41,1014,6.0,1.4
2025-03-18,37.7,45,1007,3.6,3.6
2025-03-19,36.2,44,1007,5.2,6.5
2025-03-20,39.4,60,1009,5.7,0.0
2025-03-21,37.7,38,1011,2.5,0.0
2025-03-22,34.1,65,1005,2.2,1.9
2025-03-23,36.0,36,1009,6.6,1.3
2025-03-24,37.0,42,1006,1.5,5.5
2025-03-25,34.5,64,1008,7.3,2.5
2025-03-26,30.7,37,1009,4.3,0.0
2025-03-27,39.6,52,1008,4.2,0.8
2025-03-28,30.0,77,1008,5.2,3.6
2025-03-29,37.1,48,1010,4.8,0.1
2025-03-30,32.6,64,1010,6.8,2.9
2025-03-31,35.1,53,1005,4.1,4.4
2025-04-01,35.4,40,1002,1.4,9.0
2025-04-02,38.9,57,1010,6.9,0.0
2025-04-03,34.9,75,1010,6.3,0.0
2025-04-04,37.7,47,1009,5.6,1.1
2025-04-05,36.8,60,1007,2.1,0.0
2025-04-06,33.8,60,1018,4.4,2.3
2025-04-07,35.2,51,1007,6.3,0.1
2025-04-08,35.3,42,1006,4.1,0.0
2025-04-09,38.6,36,1008,0.3,1.0
2025-04-10,32.5,43,1008,3.7,0.0
2025-04-11,33.3,54,1014,0.2,7.2
2025-04-12,36.7,48,1006,4.2,2.5
2025-04-13,35.5,44,1006,4.5,0.0
2025-04-14,36.8,58,1009,5.9,0.5
2025-04-15,38.5,49,1008,1.7,1.3
2025-04-16,34.4,57,1006,4.4,3.9
2025-04-17,32.5,57,1006,3.3,1.8
2025-04-18,34.8,45,1006,7.2,4.0
2025-04-19,39.4,41,1005,3.3,2.2
2025-04-20,41.0,46,1010,2.0,3.1
2025-04-21,32.4,37,996,5.1,0.0
2025-04-22,41.2,51,1005,3.1,0.0
2025-04-23,31.9,58,1003,5.5,4.4
2025-04-24,39.6,69,1004,9.6,10.6
2025-04-25,33.9,44,1005,4.8,3.0
2025-04-26,31.0,47,1007,4.3,5.9
2025-04-27,36.4,61,1010,3.5,0.0
2025-04-28,35.5,60,1003,0.1,0.0
2025-04-29,33.4,63,1002,3.0,1.6
2025-04-30,30.5,38,1003,6.2,3.2
2025-05-01,34.8,50,1011,5.6,1.2
2025-05-02,36.0,55,1010,3.3,1.4
2025-05-03,35.0,47,1005,4.9,0.6
2025-05-04,38.9,61,1013,3.4,0.0
2025-05-05,36.8,40,1009,1.0,2.4
2025-05-06,36.8,63,1013,3.6,1.5
2025-05-07,37.5,30,1013,3.4,9.3
2025-05-08,29.1,52,1009,4.8,0.0
2025-05-09,32.2,61,1011,4.0,4.4
2025-05-10,30.8,59,1002,6.7,1.2
2025-05-11,41.3,49,1008,3.2,8.5
2025-05-12,33.1,66,1010,2.9,0.0
2025-05-13,33.6,60,1006,6.3,0.9
2025-05-14,39.8,56,1005,4.2,0.0
2025-05-15,36.0,40,1008,0.6,4.2
2025-05-16,32.2,44,1015,4.5,1.8
2025-05-17,32.5,52,1009,5.2,0.9
2025-05-18,38.6,49,1011,2.6,6.9
2025-05-19,41.6,53,1014,8.2,0.0
2025-05-20,34.9,44,1010,6.6,1.5
2025-05-21,36.7,51,1006,6.1,6.5
2025-05-22,34.1,54,1007,3.2,1.7
2025-05-23,39.0,42,1016,6.0,0.0
2025-05-24,27.8,44,1004,0.0,0.0
2025-05-25,34.6,38,1001,4.2,2.2
2025-05-26,33.8,65,1011,3.3,6.2
2025-05-27,41.0,34,1007,8.5,0.0
2025-05-28,34.4,48,1011,5.9,0.0
2025-05-29,37.4,43,1002,4.2,0.0
2025-05-30,31.8,38,1006,2.9,0.7
2025-05-31,36.4,50,1008,2.0,1.1
2025-06-01,35.3,51,1011,2.2,0.0
2025-06-02,35.3,61,1008,3.3,4.8
2025-06-03,37.8,56,1004,0.0,0.1
2025-06-04,35.5,49,1009,6.7,5.4
2025-06-05,32.9,61,1011,1.1,0.4
2025-06-06,35.7,30,1009,3.0,1.2
2025-06-07,31.8,58,1006,4.1,1.7
2025-06-08,42.9,61,1009,4.3,5.5
2025-06-09,27.8,43,1000,1.7,0.6
2025-06-10,29.1,49,1012,4.8,4.5
2025-06-11,32.1,30,1002,2.2,0.0
2025-06-12,34.5,39,1007,4.0,3.0
2025-06-13,38.4,38,1007,3.3,3.3
2025-06-14,37.7,58,1007,4.6,0.0
2025-06-15,34.2,55,1015,0.9,2.8
2025-06-16,34.6,40,1001,4.7,3.8
2025-06-17,33.1,42,1006,6.2,0.0
2025-06-18,34.9,56,1009,2.9,7.0
2025-06-19,36.4,44,1001,5.9,0.5
2025-06-20,33.8,51,1009,2.5,0.0
2025-06-21,34.6,58,1007,0.5,4.4
2025-06-22,44.0,67,1004,3.8,4.2
2025-06-23,33.4,62,1004,3.1,2.8
2025-06-24,38.4,66,1011,3.5,6.6
2025-06-25,25.3,52,1008,4.1,2.0
2025-06-26,31.0,55,1010,5.9,3.9
2025-06-27,36.8,45,1008,4.2,1.8
2025-06-28,38.0,56,1016,4.2,8.2
2025-06-29,23.5,62,1004,3.2,0.4
2025-06-30,33.7,56,1003,4.7,0.0
2025-07-01,31.2,85,1002,3.0,7.1
2025-07-02,30.5,91,1004,1.3,0.0
2025-07-03,26.7,87,1006,5.8,20.4
2025-07-04,29.0,76,1004,5.5,36.9
2025-07-05,30.0,65,1003,6.1,0.0
2025-07-06,31.6,87,1009,2.1,5.1
2025-07-07,30.4,79,1009,2.6,13.3
2025-07-08,27.3,80,1015,5.4,11.0
2025-07-09,29.2,71,1001,4.2,0.0
2025-07-10,32.9,88,1004,4.5,17.3
2025-07-11,29.0,93,1004,0.0,13.1
2025-07-12,29.6,86,1002,5.6,4.3
2025-07-13,27.0,88,1003,1.8,9.7
2025-07-14,30.8,95,1002,6.3,22.8
2025-07-15,29.4,90,996,2.0,23.1
2025-07-16,31.9,81,1003,0.2,4.8
2025-07-17,29.8,95,1011,5.8,23.0
2025-07-18,32.1,95,1004,6.1,18.8
2025-07-19,32.9,76,1005,5.7,7.8
2025-07-20,31.6,68,1003,3.5,34.1
2025-07-21,28.2,95,1002,5.7,17.4
2025-07-22,31.5,78,1002,3.0,23.4
2025-07-23,26.0,69,1009,4.1,33.1
2025-07-24,33.3,78,1005,3.8,12.6
2025-07-25,29.6,89,1007,6.1,16.5
2025-07-26,30.8,72,1005,3.7,1.5
2025-07-27,30.2,79,1001,0.0,40.8
2025-07-28,30.7,76,1006,6.6,18.2
2025-07-29,27.0,75,1007,8.4,19.3
2025-07-30,31.9,79,1003,2.8,6.1
2025-07-31,31.3,82,1003,5.8,1.8
2025-08-01,30.7,84,1009,4.5,18.8
2025-08-02,29.2,72,997,3.6,17.5
2025-08-03,29.6,69,1007,4.5,5.7
2025-08-04,30.2,82,1008,4.2,15.9
2025-08-05,27.1,93,1003,1.5,18.7
2025-08-06,30.8,79,1003,2.3,30.7
2025-08-07,31.8,87,1007,3.9,16.7
2025-08-08,30.5,89,1004,6.7,21.3
2025-08-09,25.3,95,1003,3.9,0.0
2025-08-10,29.7,88,1005,2.8,4.4
2025-08-11,30.6,79,1003,3.0,15.9
2025-08-12,30.6,87,1002,5.2,9.0
2025-08-13,29.9,86,999,2.9,5.9
2025-08-14,28.5,79,1007,3.4,8.6
2025-08-15,30.3,81,1004,5.0,16.9
2025-08-16,28.4,91,1001,4.4,12.6
2025-08-17,28.3,85,1002,4.7,37.1
2025-08-18,26.5,83,1003,1.8,6.1
2025-08-19,31.5,88,1002,7.2,15.2
2025-08-20,28.5,62,1001,6.0,19.6
2025-08-21,29.2,84,1001,2.9,29.0
2025-08-22,29.8,92,1003,5.0,8.4
2025-08-23,28.8,81,1011,1.3,0.0
2025-08-24,29.4,79,1001,8.0,34.1
2025-08-25,31.5,83,1006,2.6,5.2
2025-08-26,32.5,72,1003,2.0,13.9
2025-08-27,31.5,84,999,6.1,27.1
2025-08-28,35.0,76,1004,1.3,34.0
2025-08-29,29.4,88,1003,5.2,6.6
2025-08-30,30.0,84,1006,3.1,17.4
2025-08-31,30.5,72,1003,6.3,27.9
2025-09-01,29.5,81,1001,0.5,10.1
2025-09-02,27.9,77,1008,3.1,17.1
2025-09-03,28.2,68,1009,6.5,19.8
2025-09-04,31.4,85,1005,5.3,32.0
2025-09-05,29.4,69,1004,4.1,8.2
2025-09-06,33.9,80,1003,3.4,26.8
2025-09-07,27.3,74,1005,5.9,20.3
2025-09-08,30.4,77,1004,6.3,36.5
2025-09-09,29.2,85,1005,0.0,24.3
2025-09-10,30.0,89,1006,0.6,20.3
2025-09-11,28.6,83,1008,3.7,19.1
2025-09-12,30.8,80,998,4.9,5.1
2025-09-13,30.3,75,1006,3.5,0.0
2025-09-14,31.1,94,1002,3.6,0.0
2025-09-15,32.9,66,1005,3.8,34.4
2025-09-16,29.6,76,1001,4.7,25.5
2025-09-17,29.2,73,1006,5.2,40.9
2025-09-18,32.3,68,997,2.5,32.5
2025-09-19,29.1,84,1004,4.0,17.2
2025-09-20,28.0,68,1007,7.2,22.3
2025-09-21,28.4,85,1008,6.0,12.2
2025-09-22,30.4,77,1006,2.6,24.6
2025-09-23,27.3,77,1008,1.8,30.2
2025-09-24,27.7,90,1006,2.8,3.6
2025-09-25,33.2,73,1005,4.5,26.4
2025-09-26,26.1,62,1005,1.7,12.8
2025-09-27,27.8,84,1004,5.6,20.6
2025-09-28,27.7,77,1005,4.3,31.5
2025-09-29,34.6,68,1009,3.4,23.0
2025-09-30,31.7,72,1006,5.6,8.1
2025-10-01,30.2,72,1013,3.3,4.7
2025-10-02,29.8,61,1011,0.8,6.8
2025-10-03,25.8,60,1012,5.7,0.0
2025-10-04,28.7,51,1016,4.3,10.5
2025-10-05,29.0,61,1009,3.9,7.1
2025-10-06,29.8,78,1009,1.6,0.0
2025-10-07,31.2,55,1011,7.5,0.0
2025-10-08,29.3,61,1014,2.3,6.6
2025-10-09,27.8,56,1009,6.2,0.3
2025-10-10,29.1,65,1011,2.4,5.6
2025-10-11,27.4,61,1010,3.7,6.1
2025-10-12,27.2,85,1011,3.5,8.6
2025-10-13,27.1,58,1004,0.9,6.2
2025-10-14,26.7,61,1014,1.0,4.0
2025-10-15,26.5,72,1012,8.1,5.5
2025-10-16,26.6,59,1004,3.4,3.9
2025-10-17,29.8,64,1008,2.7,7.5
2025-10-18,30.5,56,1010,6.9,6.2
2025-10-19,29.9,49,1011,3.9,0.2
2025-10-20,27.1,68,1010,5.6,5.7
2025-10-21,27.2,72,1011,6.9,1.8
2025-10-22,25.2,57,1013,3.7,9.6
2025-10-23,26.5,67,1006,1.6,9.7
2025-10-24,28.5,65,1012,2.6,3.8
2025-10-25,23.8,56,1009,1.7,5.3
2025-10-26,24.4,55,1013,6.4,8.6
2025-10-27,26.4,50,1011,4.8,7.0
2025-10-28,24.0,53,1011,5.5,4.9
2025-10-29,28.3,62,1012,4.6,5.3
2025-10-30,28.1,57,1011,4.5,5.3
2025-10-31,28.8,70,1008,5.8,6.1
2025-11-01,17.9,54,1017,1.5,1.7
2025-11-02,20.9,58,1018,5.4,0.0
2025-11-03,21.9,59,1020,5.2,0.0
2025-11-04,19.9,72,1013,4.9,0.9
2025-11-05,19.8,61,1013,5.3,1.2
2025-11-06,27.6,57,1006,3.7,0.0
2025-11-07,20.0,67,1008,0.4,1.3
2025-11-08,22.9,66,1008,4.9,0.1
2025-11-09,25.8,67,1015,1.3,0.0
2025-11-10,25.2,65,1013,4.9,0.0
2025-11-11,21.0,62,1017,2.7,0.0
2025-11-12,15.5,61,1013,7.5,3.0
2025-11-13,23.3,68,1014,3.5,0.7
2025-11-14,21.1,70,1010,1.8,0.0
2025-11-15,28.1,70,1010,5.2,1.6
2025-11-16,21.7,67,1015,3.2,0.0
2025-11-17,19.7,72,1017,5.4,0.0
2025-11-18,19.4,56,1016,3.7,0.6
2025-11-19,23.3,82,1008,5.7,0.0
2025-11-20,27.0,68,1014,1.8,0.0
2025-11-21,23.9,51,1010,4.3,0.4
2025-11-22,20.9,66,1011,5.3,1.0
2025-11-23,21.9,55,1016,3.7,5.5
2025-11-24,26.2,83,1016,2.0,0.7
2025-11-25,21.6,63,1016,5.1,1.4
2025-11-26,22.7,52,1012,3.4,0.0
2025-11-27,25.2,53,1018,3.4,0.3
2025-11-28,23.4,63,1014,5.3,1.5
2025-11-29,17.4,61,1017,7.0,1.6
2025-11-30,20.8,79,1020,5.6,0.0
2025-12-01,19.3,68,1017,3.6,0.9
2025-12-02,21.1,78,1018,3.5,0.8
2025-12-03,27.0,58,1021,3.1,0.0
2025-12-04,26.8,73,1007,4.0,0.7
2025-12-05,22.3,76,1012,5.6,4.2
2025-12-06,24.3,75,1007,3.7,2.0
2025-12-07,18.5,62,1016,6.3,3.0
2025-12-08,23.0,52,1015,3.6,0.0
2025-12-09,19.1,47,1014,5.3,0.0
2025-12-10,22.6,81,1018,4.1,0.0
2025-12-11,24.1,60,1016,2.6,3.1
2025-12-12,22.0,62,1010,3.9,2.0
2025-12-13,23.2,65,1018,4.0,3.7
2025-12-14,22.7,67,1007,3.4,1.8
2025-12-15,17.5,77,1014,5.8,0.9
2025-12-16,23.3,53,1013,0.5,0.9
2025-12-17,19.9,63,1009,6.3,0.8
2025-12-18,21.7,65,1011,4.9,1.8
2025-12-19,20.9,56,1020,5.4,2.1
2025-12-20,24.8,59,1020,8.1,0.0
2025-12-21,26.6,61,1010,0.6,0.0
2025-12-22,21.7,81,1016,6.8,0.7
2025-12-23,20.8,85,1014,2.8,5.0
2025-12-24,24.1,61,1020,6.4,0.0
2025-12-25,22.5,52,1015,3.0,0.0
2025-12-26,21.0,75,1020,2.0,2.5
2025-12-27,21.0,72,1021,4.8,1.9
2025-12-28,27.5,70,1013,4.0,3.1
2025-12-29,24.7,81,1014,6.8,2.5
2025-12-30,15.4,50,1015,5.2,2.4
2025-12-31,22.2,70,1017,6.0,0.0
